ticker,category,sector
20MICRONS,SmallCap,
21STCENMGM,SmallCap,
360ONE,MidCap,Financial Services
3BBLACKBIO,SmallCap,
3IINFOLTD,SmallCap,
3MINDIA,MidCap,Diversified
3PLAND,SmallCap,
5PAISA,SmallCap,
63MOONS,SmallCap,
A2ZINFRA,SmallCap,
AAATECH,SmallCap,
AADHARHFC,SmallCap,Financial Services
AAKASH,SmallCap,
AAREYDRUGS,SmallCap,
AARNAV,SmallCap,
AARON,SmallCap,
AARTECH,SmallCap,
AARTIDRUGS,SmallCap,
AARTIIND,SmallCap,Chemicals
AARTIPHARM,SmallCap,
AARTISURF,SmallCap,
AARVI,SmallCap,
AASTHA,SmallCap,
AAVAS,SmallCap,Financial Services
ABANSENT,SmallCap,
ABB,LargeCap,Capital Goods
ABBOTINDIA,MidCap,Healthcare
ABCAPITAL,MidCap,Financial Services
ABCOTS,SmallCap,
ABDL,SmallCap,Fast Moving Consumer Goods
ABFRL,SmallCap,Consumer Services
ABINFRA,SmallCap,
ABLBL,SmallCap,Consumer Services
ABMINTLLTD,SmallCap,
ABMKNO,SmallCap,
ABREL,SmallCap,Realty
ABSLAMC,SmallCap,Financial Services
ACC,MidCap,Construction Materials
ACCELYA,SmallCap,
ACCURACY,SmallCap,
ACE,SmallCap,Capital Goods
ACEINTEG,SmallCap,
ACI,SmallCap,
ACL,SmallCap,
ACMESOLAR,SmallCap,Power
ACSTECH,SmallCap,
ACUTAAS,SmallCap,Healthcare
ADANIENSOL,LargeCap,Power
ADANIENT,LargeCap,Metals & Mining
ADANIGREEN,LargeCap,Power
ADANIPORTS,LargeCap,Services
ADANIPOWER,LargeCap,Power
ADFFOODS,SmallCap,
ADL,SmallCap,
ADOR,SmallCap,
ADROITINFO,SmallCap,
ADSL,SmallCap,
ADVAIT,SmallCap,
ADVANCE,SmallCap,
ADVANIHOTR,SmallCap,
ADVENTHTL,SmallCap,
ADVENZYMES,SmallCap,
AEGISLOG,SmallCap,Oil Gas & Consumable Fuels
AEGISVOPAK,SmallCap,Oil Gas & Consumable Fuels
AEPL,SmallCap,
AEQUS,SmallCap,
AEROENTER,SmallCap,
AEROFLEX,SmallCap,
AERONEU,SmallCap,
AEROPLANE,SmallCap,
AETHER,SmallCap,
AFCONS,SmallCap,Construction
AFFLE,SmallCap,Information Technology
AFFORDABLE,SmallCap,
AFIL,SmallCap,
AFSL,SmallCap,
AGARIND,SmallCap,
AGARWALEYE,SmallCap,
AGI,SmallCap,
AGIIL,SmallCap,
AGL,SmallCap,
AGRITECH,SmallCap,
AGROPHOS,SmallCap,
AHCL,SmallCap,
AHLADA,SmallCap,
AHLEAST,SmallCap,
AHLUCONT,SmallCap,
AHLWEST,SmallCap,
AIAENG,MidCap,Capital Goods
AIIL,MidCap,Financial Services
AIRAN,SmallCap,
AIROLAM,SmallCap,
AJANTPHARM,MidCap,Healthcare
AJAXENGG,SmallCap,
AJMERA,SmallCap,
AJOONI,SmallCap,
AKASH,SmallCap,
AKCAPIT,SmallCap,
AKG,SmallCap,
AKI,SmallCap,
AKSHAR,SmallCap,
AKSHARCHEM,SmallCap,
AKSHOPTFBR,SmallCap,
AKUMS,SmallCap,
ALANKIT,SmallCap,
ALBERTDAVD,SmallCap,
ALEMBICLTD,SmallCap,
ALGOQUANT,SmallCap,
ALICON,SmallCap,
ALIVUS,SmallCap,
ALKALI,SmallCap,
ALKEM,MidCap,Healthcare
ALKYLAMINE,SmallCap,
ALLCARGO,SmallCap,
ALLDIGI,SmallCap,
ALLTIME,SmallCap,
ALMONDZ,SmallCap,
ALOKINDS,SmallCap,
ALPA,SmallCap,
ALPHAGEO,SmallCap,
ALPINETEX,SmallCap,
AMAGI,SmallCap,
AMANTA,SmallCap,
AMBALALSA,SmallCap,
AMBER,SmallCap,Consumer Durables
AMBICAAGAR,SmallCap,
AMBIKCO,SmallCap,
AMBUJACEM,LargeCap,Construction Materials
AMDIND,SmallCap,
AMJLAND,SmallCap,
AMNPLST,SmallCap,
AMRUTANJAN,SmallCap,
ANANDRATHI,SmallCap,Financial Services
ANANTRAJ,SmallCap,Realty
ANDHRAPAP,SmallCap,
ANDHRSUGAR,SmallCap,
ANGELONE,SmallCap,Financial Services
ANIKINDS,SmallCap,
ANMOL,SmallCap,
ANTELOPUS,SmallCap,
ANTGRAPHIC,SmallCap,
ANTHEM,MidCap,Healthcare
ANUHPHR,SmallCap,
ANUP,SmallCap,
ANURAS,SmallCap,Chemicals
APARINDS,MidCap,Capital Goods
APCL,SmallCap,
APCOTEXIND,SmallCap,
APEX,SmallCap,
APLAPOLLO,MidCap,Capital Goods
APLLTD,SmallCap,
APOLLO,SmallCap,
APOLLOHOSP,LargeCap,Healthcare
APOLLOPIPE,SmallCap,
APOLLOTYRE,MidCap,Automobile and Auto Components
APOLSINHOT,SmallCap,
APTECHT,SmallCap,
APTUS,SmallCap,Financial Services
AQYLON,SmallCap,
ARCHIDPLY,SmallCap,
ARCHIES,SmallCap,
ARE&M,SmallCap,Automobile and Auto Components
ARENTERP,SmallCap,
ARFIN,SmallCap,
ARIES,SmallCap,
ARIHANT,SmallCap,
ARIHANTCAP,SmallCap,
ARIHANTSUP,SmallCap,
ARIS,SmallCap,
ARKADE,SmallCap,
ARMANFIN,SmallCap,
AROGRANITE,SmallCap,
ARROWGREEN,SmallCap,
ARSSBL,SmallCap,
ARTEMISMED,SmallCap,
ARTNIRMAN,SmallCap,
ARVEE,SmallCap,
ARVIND,SmallCap,
ARVINDFASN,SmallCap,
ARVSMART,SmallCap,
ASAHIINDIA,SmallCap,Automobile and Auto Components
ASAHISONG,SmallCap,
ASAL,SmallCap,
ASALCBR,SmallCap,
ASHAPURMIN,SmallCap,
ASHIANA,SmallCap,
ASHIKAG,SmallCap,
ASHIMASYN,SmallCap,
ASHOKA,SmallCap,
ASHOKAMET,SmallCap,
ASHOKLEY,MidCap,Capital Goods
ASIANENE,SmallCap,
ASIANHOTNR,SmallCap,
ASIANPAINT,LargeCap,Consumer Durables
ASIANTILES,SmallCap,
ASKAUTOLTD,SmallCap,
ASMS,SmallCap,
ASPINWALL,SmallCap,
ASTAR,SmallCap,
ASTEC,SmallCap,
ASTERDM,SmallCap,Healthcare
ASTRAL,MidCap,Capital Goods
ASTRAMICRO,SmallCap,
ASTRAZEN,SmallCap,
ATALREAL,SmallCap,
ATAM,SmallCap,
ATGL,MidCap,Oil Gas & Consumable Fuels
ATHERENERG,SmallCap,Automobile and Auto Components
ATL,SmallCap,
ATLANTAA,SmallCap,
ATLANTAELE,SmallCap,
ATLASCYCLE,SmallCap,
ATUL,SmallCap,Chemicals
ATULAUTO,SmallCap,
AUBANK,MidCap,Financial Services
AURIONPRO,SmallCap,
AUROPHARMA,MidCap,Healthcare
AURUM,SmallCap,
AURUS,SmallCap,
AUSOMENT,SmallCap,
AUTOAXLES,SmallCap,
AUTOIND,SmallCap,
AVADHSUGAR,SmallCap,
AVALON,SmallCap,
AVANTEL,SmallCap,
AVANTIFEED,SmallCap,
AVG,SmallCap,
AVL,SmallCap,
AVONMORE,SmallCap,
AVROIND,SmallCap,
AVTNPL,SmallCap,
AWFIS,SmallCap,
AWHCL,SmallCap,
AWL,MidCap,Fast Moving Consumer Goods
AXISBANK,LargeCap,Financial Services
AXISCADES,SmallCap,
AXITA,SmallCap,
AYE,SmallCap,
AYMSYNTEX,SmallCap,
AZAD,SmallCap,
BAFNAPH,SmallCap,
BAGFILMS,SmallCap,
BAIDFIN,SmallCap,
BAJAJ-AUTO,LargeCap,Automobile and Auto Components
BAJAJCON,SmallCap,
BAJAJELEC,SmallCap,
BAJAJFINSV,LargeCap,Financial Services
BAJAJHCARE,SmallCap,
BAJAJHFL,MidCap,Financial Services
BAJAJHIND,SmallCap,
BAJAJHLDNG,LargeCap,Financial Services
BAJAJINDEF,SmallCap,
BAJAJST,SmallCap,
BAJEL,SmallCap,
BAJFINANCE,LargeCap,Financial Services
BALAJEE,SmallCap,
BALAJITELE,SmallCap,
BALAMINES,SmallCap,
BALAXI,SmallCap,
BALKRISHNA,SmallCap,
BALKRISIND,MidCap,Automobile and Auto Components
BALMLAWRIE,SmallCap,
BALPHARMA,SmallCap,
BALRAMCHIN,SmallCap,Fast Moving Consumer Goods
BALUFORGE,SmallCap,
BANARBEADS,SmallCap,
BANARISUG,SmallCap,
BANCOINDIA,SmallCap,
BANDHANBNK,SmallCap,Financial Services
BANG,SmallCap,
BANKA,SmallCap,
BANKBARODA,LargeCap,Financial Services
BANKINDIA,MidCap,Financial Services
BANSALWIRE,SmallCap,
BANSWRAS,SmallCap,
BASF,SmallCap,
BASML,SmallCap,
BATAINDIA,SmallCap,Consumer Durables
BATLIBOI,SmallCap,
BAYERCROP,SmallCap,Chemicals
BBL,SmallCap,
BBOX,SmallCap,
BBTC,SmallCap,Fast Moving Consumer Goods
BBTCL,SmallCap,
BCG,SmallCap,
BCLIND,SmallCap,
BCONCEPTS,SmallCap,
BCPL,SmallCap,
BDL,MidCap,Capital Goods
BEARDSELL,SmallCap,
BECTORFOOD,SmallCap,
BEDMUTHA,SmallCap,
BEEKAY,SmallCap,
BEL,LargeCap,Capital Goods
BELLACASA,SmallCap,
BELRISE,SmallCap,Automobile and Auto Components
BEML,SmallCap,Capital Goods
BENGALASM,SmallCap,
BEPL,SmallCap,
BERGEPAINT,MidCap,Consumer Durables
BESTAGRO,SmallCap,
BETA,SmallCap,
BFINVEST,SmallCap,
BFUTILITIE,SmallCap,
BGRENERGY,SmallCap,
BHAGCHEM,SmallCap,
BHAGERIA,SmallCap,
BHAGYANGR,SmallCap,
BHANDARI,SmallCap,
BHARATCOAL,SmallCap,
BHARATFORG,MidCap,Automobile and Auto Components
BHARATGEAR,SmallCap,
BHARATRAS,SmallCap,
BHARATSE,SmallCap,
BHARATWIRE,SmallCap,
BHARTIARTL,LargeCap,Telecommunication
BHARTIHEXA,MidCap,Telecommunication
BHEL,MidCap,Capital Goods
BI,SmallCap,
BIGBLOC,SmallCap,
BIKAJI,SmallCap,Fast Moving Consumer Goods
BIL,SmallCap,
BILVYAPAR,SmallCap,
BIMETAL,SmallCap,
BIOCON,MidCap,Healthcare
BIOFILCHEM,SmallCap,
BIRLACABLE,SmallCap,
BIRLACORPN,SmallCap,
BIRLAMONEY,SmallCap,
BIRLANU,SmallCap,
BIRLAPREC,SmallCap,
BLACKBUCK,SmallCap,
BLACKROSE,SmallCap,
BLAL,SmallCap,
BLBLIMITED,SmallCap,
BLIL,SmallCap,
BLISSGVS,SmallCap,
BLKASHYAP,SmallCap,
BLS,SmallCap,Consumer Services
BLSE,SmallCap,
BLUECHIP,SmallCap,
BLUECOAST,SmallCap,
BLUEDART,SmallCap,Services
BLUEJET,SmallCap,Healthcare
BLUESTARCO,MidCap,Consumer Durables
BLUESTONE,SmallCap,
BLUSPRING,SmallCap,
BMWVENTLTD,SmallCap,
BNAGROCHEM,SmallCap,
BNALTD,SmallCap,
BODALCHEM,SmallCap,
BOHRAIND,SmallCap,
BOMDYEING,SmallCap,
BONLON,SmallCap,
BORANA,SmallCap,
BOROLTD,SmallCap,
BORORENEW,SmallCap,
BOROSCI,SmallCap,
BOSCH-HCIL,SmallCap,
BOSCHLTD,LargeCap,Automobile and Auto Components
BPCL,LargeCap,Oil Gas & Consumable Fuels
BPL,SmallCap,
BRIGADE,SmallCap,Realty
BRIGHOTEL,SmallCap,
BRITANNIA,LargeCap,Fast Moving Consumer Goods
BRNL,SmallCap,
BROOKS,SmallCap,
BSE,MidCap,Financial Services
BSHSL,SmallCap,
BSL,SmallCap,
BSOFT,SmallCap,Information Technology
BTML,SmallCap,
BTTL,SmallCap,
BUILDPRO,SmallCap,
BUTTERFLY,SmallCap,
BVCL,SmallCap,
BYKE,SmallCap,
CALSOFT,SmallCap,
CAMLINFINE,SmallCap,
CAMPUS,SmallCap,
CAMS,SmallCap,Financial Services
CANBK,LargeCap,Financial Services
CANFINHOME,SmallCap,Financial Services
CANHLIFE,SmallCap,Financial Services
CANTABIL,SmallCap,
CAPACITE,SmallCap,
CAPILLARY,SmallCap,
CAPITALSFB,SmallCap,
CAPLIPOINT,SmallCap,Healthcare
CAPTRUST,SmallCap,
CARBORUNIV,SmallCap,Capital Goods
CARERATING,SmallCap,
CARRARO,SmallCap,
CARTRADE,SmallCap,Consumer Services
CARYSIL,SmallCap,
CASTROLIND,SmallCap,Oil Gas & Consumable Fuels
CCAVENUE,SmallCap,
CCCL,SmallCap,
CCHHL,SmallCap,
CCL,SmallCap,Fast Moving Consumer Goods
CDSL,SmallCap,Financial Services
CEATLTD,SmallCap,Automobile and Auto Components
CEIGALL,SmallCap,
CEINSYS,SmallCap,
CELEBRITY,SmallCap,
CELLO,SmallCap,
CEMPRO,SmallCap,Construction
CENTENKA,SmallCap,
CENTEXT,SmallCap,
CENTRALBK,SmallCap,Financial Services
CENTRUM,SmallCap,
CENTUM,SmallCap,
CENTURYPLY,SmallCap,
CERA,SmallCap,
CESC,SmallCap,Power
CEWATER,SmallCap,
CGCL,SmallCap,Financial Services
CGPOWER,LargeCap,Capital Goods
CHALET,SmallCap,Consumer Services
CHAMBLFERT,SmallCap,Chemicals
CHEMBOND,SmallCap,
CHEMBONDCH,SmallCap,
CHEMCON,SmallCap,
CHEMFAB,SmallCap,
CHEMPLASTS,SmallCap,
CHENNPETRO,SmallCap,Oil Gas & Consumable Fuels
CHEVIOT,SmallCap,
CHOICEIN,SmallCap,Financial Services
CHOLAFIN,LargeCap,Financial Services
CHOLAHLDNG,SmallCap,Financial Services
CIEINDIA,SmallCap,Automobile and Auto Components
CIFL,SmallCap,
CINELINE,SmallCap,
CINEVISTA,SmallCap,
CIPLA,LargeCap,Healthcare
CLCIND,SmallCap,
CLEAN,SmallCap,Chemicals
CLEANMAX,SmallCap,
CLEDUCATE,SmallCap,
CLSEL,SmallCap,
CMLL,SmallCap,
CMPDI,SmallCap,
CMRGREEN,SmallCap,
CMSINFO,SmallCap,
CNL,SmallCap,
COALINDIA,LargeCap,Oil Gas & Consumable Fuels
COASTCORP,SmallCap,
COCHINSHIP,MidCap,Capital Goods
COCKERILL,SmallCap,
COFFEEDAY,SmallCap,
COFORGE,MidCap,Information Technology
COHANCE,SmallCap,Healthcare
COLPAL,MidCap,Fast Moving Consumer Goods
COMFINTE,SmallCap,
COMPUSOFT,SmallCap,
COMSYN,SmallCap,
CONCOR,MidCap,Services
CONCORDBIO,SmallCap,Healthcare
CONFIPET,SmallCap,
CONSOFINVT,SmallCap,
CONTROLPR,SmallCap,
CORALFINAC,SmallCap,
CORDELIA,SmallCap,
CORDSCABLE,SmallCap,
COROMANDEL,MidCap,Chemicals
CORONA,SmallCap,
COSMOFIRST,SmallCap,
COUNCODOS,SmallCap,
CPCAP,SmallCap,
CPEDU,SmallCap,
CPL,SmallCap,
CPPLUS,SmallCap,Capital Goods
CRAFTSMAN,SmallCap,Automobile and Auto Components
CRAMC,SmallCap,
CREATIVEYE,SmallCap,
CREDITACC,SmallCap,Financial Services
CREST,SmallCap,
CRISIL,MidCap,Financial Services
CRIZAC,SmallCap,
CROMPTON,SmallCap,Consumer Durables
CROWN,SmallCap,
CSBBANK,SmallCap,
CSLFINANCE,SmallCap,
CSM,SmallCap,
CTE,SmallCap,
CUB,SmallCap,Financial Services
CUBEXTUB,SmallCap,
CUMMINSIND,LargeCap,Capital Goods
CUPID,SmallCap,
CURAA,SmallCap,
CYBERMEDIA,SmallCap,
CYBERTECH,SmallCap,
CYIENT,SmallCap,Information Technology
CYIENTDLM,SmallCap,
DABUR,MidCap,Fast Moving Consumer Goods
DAICHI,SmallCap,
DALBHARAT,MidCap,Construction Materials
DALMIASUG,SmallCap,
DAMCAPITAL,SmallCap,
DAMODARIND,SmallCap,
DANGEE,SmallCap,
DATAMATICS,SmallCap,
DATAPATTNS,SmallCap,Capital Goods
DAVANGERE,SmallCap,
DBCORP,SmallCap,
DBEIL,SmallCap,
DBL,SmallCap,
DBOL,SmallCap,
DBREALTY,SmallCap,
DBSTOCKBRO,SmallCap,
DCAL,SmallCap,
DCBBANK,SmallCap,
DCI,SmallCap,
DCM,SmallCap,
DCMFINSERV,SmallCap,
DCMNVL,SmallCap,
DCMSHRIRAM,SmallCap,Diversified
DCMSIL,SmallCap,
DCMSRIND,SmallCap,
DCW,SmallCap,
DCXINDIA,SmallCap,
DDEVPLSTIK,SmallCap,
DECCANCE,SmallCap,
DECNGOLD,SmallCap,
DEEDEV,SmallCap,
DEEPAKFERT,SmallCap,Chemicals
DEEPAKNTR,SmallCap,Chemicals
DEEPINDS,SmallCap,
DELHIVERY,SmallCap,Services
DELPHIFX,SmallCap,
DELTACORP,SmallCap,
DELTAMAGNT,SmallCap,
DEN,SmallCap,
DENORA,SmallCap,
DENTA,SmallCap,
DEVIT,SmallCap,
DEVX,SmallCap,
DEVYANI,SmallCap,Consumer Services
DGCONTENT,SmallCap,
DHAMPURSUG,SmallCap,
DHANBANK,SmallCap,
DHANUKA,SmallCap,
DHARMAJ,SmallCap,
DHRUV,SmallCap,
DHUNINV,SmallCap,
DIACABS,SmallCap,
DIAMINESQ,SmallCap,
DIAMONDYD,SmallCap,
DICIND,SmallCap,
DIFFNKG,SmallCap,
DIGIDRIVE,SmallCap,
DIGISPICE,SmallCap,
DIGITIDE,SmallCap,
DIGJAMLMTD,SmallCap,
DISAQ,SmallCap,
DISHTV,SmallCap,
DIVGIITTS,SmallCap,
DIVISLAB,LargeCap,Healthcare
DIXON,MidCap,Consumer Durables
DJML,SmallCap,
DLF,LargeCap,Realty
DLINKINDIA,SmallCap,
DMART,LargeCap,Consumer Services
DMCC,SmallCap,
DNAMEDIA,SmallCap,
DODLA,SmallCap,
DOLATALGO,SmallCap,
DOLLAR,SmallCap,
DOLPHIN,SmallCap,
DOMS,SmallCap,Fast Moving Consumer Goods
DONEAR,SmallCap,
DPABHUSHAN,SmallCap,
DPSCLTD,SmallCap,
DPWIRES,SmallCap,
DRAGARWQ,SmallCap,
DRCSYSTEMS,SmallCap,
DREAMFOLKS,SmallCap,
DREDGECORP,SmallCap,
DRREDDY,LargeCap,Healthcare
DSFCL,SmallCap,
DSKULKARNI,SmallCap,
DSSL,SmallCap,
DTIL,SmallCap,
DUCON,SmallCap,
DVL,SmallCap,
DWARKESH,SmallCap,
DYCL,SmallCap,
DYNAMATECH,SmallCap,
DYNPRO,SmallCap,
E2E,SmallCap,
EASEMYTRIP,SmallCap,
EASTSILK,SmallCap,
EBGNG,SmallCap,
ECLERX,SmallCap,Services
ECOSMOBLTY,SmallCap,
EDELWEISS,SmallCap,
EFCIL,SmallCap,
EICHERMOT,LargeCap,Automobile and Auto Components
EIDPARRY,SmallCap,Fast Moving Consumer Goods
EIEL,SmallCap,
EIFFL,SmallCap,
EIHAHOTELS,SmallCap,
EIHOTEL,SmallCap,Consumer Services
EIMCOELECO,SmallCap,
EKC,SmallCap,
ELANTAS,SmallCap,
ELCIDIN,SmallCap,
ELDEHSG,SmallCap,
ELECON,SmallCap,Capital Goods
ELECTCAST,SmallCap,
ELECTHERM,SmallCap,
ELGIEQUIP,SmallCap,Capital Goods
ELGIRUBCO,SmallCap,
ELIN,SmallCap,
ELITECON,SmallCap,
ELLEN,SmallCap,
ELPROINTL,SmallCap,
EMAMILTD,SmallCap,Fast Moving Consumer Goods
EMAMIPAP,SmallCap,
EMAMIREAL,SmallCap,
EMBDL,SmallCap,
EMCURE,SmallCap,Healthcare
EMIL,SmallCap,
EMKAY,SmallCap,
EMMBI,SmallCap,
EMMVEE,SmallCap,Capital Goods
EMPOWER,SmallCap,
EMSLIMITED,SmallCap,
EMUDHRA,SmallCap,
ENDURANCE,MidCap,Automobile and Auto Components
ENERGYDEV,SmallCap,
ENGINERSIN,SmallCap,Construction
ENIL,SmallCap,
ENRIN,LargeCap,Capital Goods
ENTERO,SmallCap,
EPACK,SmallCap,
EPACKPEB,SmallCap,
EPIGRAL,SmallCap,
EPL,SmallCap,
EQUIPPP,SmallCap,
EQUITASBNK,SmallCap,
ERIS,SmallCap,Healthcare
ESABINDIA,SmallCap,
ESAFSFB,SmallCap,
ESCORTS,MidCap,Capital Goods
ESSARSHPNG,SmallCap,
ESSENTIA,SmallCap,
ESTER,SmallCap,
ETERNAL,LargeCap,Consumer Services
ETHOSLTD,SmallCap,
EUREKAFORB,SmallCap,
EUROBOND,SmallCap,
EUROPRATIK,SmallCap,
EUROTEXIND,SmallCap,
EVEREADY,SmallCap,
EVERESTIND,SmallCap,
EXCELINDUS,SmallCap,
EXCELSOFT,SmallCap,
EXICOM,SmallCap,
EXIDEIND,MidCap,Automobile and Auto Components
EXPLEOSOL,SmallCap,
EXXARO,SmallCap,
FABTECH,SmallCap,
FACT,SmallCap,Chemicals
FAIRCHEMOR,SmallCap,
FAZE3Q,SmallCap,
FCL,SmallCap,
FCSSOFT,SmallCap,
FDC,SmallCap,
FEDDERSHOL,SmallCap,
FEDERALBNK,MidCap,Financial Services
FEDFINA,SmallCap,
FERMENTA,SmallCap,
FIBERWEB,SmallCap,
FIEMIND,SmallCap,
FILATEX,SmallCap,
FILATFASH,SmallCap,
FINCABLES,SmallCap,Capital Goods
FINEORG,SmallCap,
FINKURVE,SmallCap,
FINOPB,SmallCap,
FINPIPE,SmallCap,
FIRSTCRY,SmallCap,Consumer Services
FISCHER,SmallCap,
FIVESTAR,SmallCap,Financial Services
FLAIR,SmallCap,
FLEXITUFF,SmallCap,
FLUOROCHEM,MidCap,Chemicals
FMGOETZE,SmallCap,
FMNL,SmallCap,
FOCUS,SmallCap,
FOODSIN,SmallCap,
FORCEMOT,SmallCap,Automobile and Auto Components
FORTIS,MidCap,Healthcare
FOSECOIND,SmallCap,
FRACTAL,SmallCap,
FRONTSP,SmallCap,
FSL,SmallCap,Services
FUSION,SmallCap,
GABRIEL,SmallCap,Automobile and Auto Components
GAEL,SmallCap,
GAIL,LargeCap,Oil Gas & Consumable Fuels
GALAPREC,SmallCap,
GALAXYSURF,SmallCap,
GALLANTT,SmallCap,Capital Goods
GANDHAR,SmallCap,
GANDHITUBE,SmallCap,
GANECOS,SmallCap,
GANESHBE,SmallCap,
GANESHCP,SmallCap,
GANESHHOU,SmallCap,
GANGAFORGE,SmallCap,
GANGESSECU,SmallCap,
GARFIBRES,SmallCap,
GARUDA,SmallCap,
GATECH,SmallCap,
GATECHDVR,SmallCap,
GATEWAY,SmallCap,
GAUDIUMIVF,SmallCap,
GAYAHWS,SmallCap,
GAYAPROJ,SmallCap,
GCSL,SmallCap,
GEECEE,SmallCap,
GEEKAYWIRE,SmallCap,
GEMAROMA,SmallCap,
GENCON,SmallCap,
GENESYS,SmallCap,
GENUSPAPER,SmallCap,
GENUSPOWER,SmallCap,
GEOJITFSL,SmallCap,
GESHIP,SmallCap,Services
GFLLIMITED,SmallCap,
GFSTEELS,SmallCap,
GHCL,SmallCap,
GHCLTEXTIL,SmallCap,
GICHSGFIN,SmallCap,
GICL,SmallCap,
GICRE,MidCap,Financial Services
GILLANDERS,SmallCap,
GILLETTE,SmallCap,Fast Moving Consumer Goods
GINNIFILA,SmallCap,
GIPCL,SmallCap,
GKENERGY,SmallCap,
GKSL,SmallCap,
GKWLIMITED,SmallCap,
GLAND,SmallCap,Healthcare
GLAXO,MidCap,Healthcare
GLENMARK,MidCap,Healthcare
GLFL,SmallCap,
GLOBAL,SmallCap,
GLOBALE,SmallCap,
GLOBALVECT,SmallCap,
GLOBE,SmallCap,
GLOBECIVIL,SmallCap,
GLOBUSSPR,SmallCap,
GLOSTERLTD,SmallCap,
GLOTTIS,SmallCap,
GMBREW,SmallCap,
GMDCLTD,SmallCap,Metals & Mining
GMMPFAUDLR,SmallCap,
GMRAIRPORT,MidCap,Services
GMRP&UI,SmallCap,
GNA,SmallCap,
GNFC,SmallCap,
GNRL,SmallCap,
GOACARBON,SmallCap,
GOCLCORP,SmallCap,
GOCOLORS,SmallCap,
GODAVARIB,SmallCap,
GODFRYPHLP,MidCap,Fast Moving Consumer Goods
GODIGIT,SmallCap,Financial Services
GODREJAGRO,SmallCap,
GODREJCP,LargeCap,Fast Moving Consumer Goods
GODREJIND,MidCap,Diversified
GODREJPROP,MidCap,Realty
GOKEX,SmallCap,
GOKUL,SmallCap,
GOKULAGRO,SmallCap,
GOLDIAM,SmallCap,
GOLDTECH,SmallCap,
GOODLUCK,SmallCap,
GOODYEAR,SmallCap,
GOPAL,SmallCap,
GOYALALUM,SmallCap,
GPIL,SmallCap,Capital Goods
GPPL,SmallCap,
GPTHEALTH,SmallCap,
GPTINFRA,SmallCap,
GRADIENTE,SmallCap,
GRANDOAK,SmallCap,
GRANULES,SmallCap,Healthcare
GRAPHITE,SmallCap,Capital Goods
GRASIM,LargeCap,Construction Materials
GRAUWEIL,SmallCap,
GRAVISSHO,SmallCap,
GRAVITA,SmallCap,Metals & Mining
GREAVESCOT,SmallCap,
GREENLAM,SmallCap,
GREENPANEL,SmallCap,
GREENPLY,SmallCap,
GREENPOWER,SmallCap,
GRINDWELL,SmallCap,
GRINFRA,SmallCap,
GRMOVER,SmallCap,
GROBTEA,SmallCap,
GROWW,MidCap,Financial Services
GRPLTD,SmallCap,
GRSE,SmallCap,Capital Goods
GRWRHITECH,SmallCap,
GSFC,SmallCap,
GSLSU,SmallCap,
GSPCROP,SmallCap,
GSS,SmallCap,
GTECJAINX,SmallCap,
GTL,SmallCap,
GTLINFRA,SmallCap,
GTPL,SmallCap,
GUFICBIO,SmallCap,
GUJALKALI,SmallCap,
GUJAPOLLO,SmallCap,
GUJENERGY,SmallCap,
GUJRAFFIA,SmallCap,
GUJTHEM,SmallCap,
GULFOILLUB,SmallCap,
GULFPETRO,SmallCap,
GULPOLY,SmallCap,
GVKPIL,SmallCap,
GVPIL,SmallCap,
GVPTECH,SmallCap,
GVT&D,MidCap,Capital Goods
GYFTR,SmallCap,
HAL,LargeCap,Capital Goods
HALDER,SmallCap,
HALDYNGL,SmallCap,
HALEOSLABS,SmallCap,
HAPPSTMNDS,SmallCap,
HAPPYFORGE,SmallCap,
HARDWYN,SmallCap,
HARIOMPIPE,SmallCap,
HARRMALAYA,SmallCap,
HARSHA,SmallCap,
HATHWAY,SmallCap,
HATSUN,SmallCap,
HAVELLS,MidCap,Consumer Durables
HAVISHA,SmallCap,
HAWKINCOOK,SmallCap,
HBESD,SmallCap,
HBLENGINE,SmallCap,Capital Goods
HBSL,SmallCap,
HCC,SmallCap,
HCG,SmallCap,
HCL-INSYS,SmallCap,
HCLTECH,LargeCap,Information Technology
HDBFS,MidCap,Financial Services
HDFCAMC,LargeCap,Financial Services
HDFCBANK,LargeCap,Financial Services
HDFCLIFE,LargeCap,Financial Services
HEADSUP,SmallCap,
HEALTHX,SmallCap,
HECPROJECT,SmallCap,
HEG,SmallCap,Capital Goods
HEIDELBERG,SmallCap,
HEMIPROP,SmallCap,
HERANBA,SmallCap,
HERITGFOOD,SmallCap,
HEROMOTOCO,MidCap,Automobile and Auto Components
HESTERBIO,SmallCap,
HEXAGON,SmallCap,
HEXATRADEX,SmallCap,
HEXT,MidCap,Information Technology
HFCL,SmallCap,Telecommunication
HGINFRA,SmallCap,
HGM,SmallCap,
HGS,SmallCap,
HIKAL,SmallCap,
HILINFRA,SmallCap,
HILTON,SmallCap,
HIMATSEIDE,SmallCap,
HINDALCO,LargeCap,Metals & Mining
HINDCOMPOS,SmallCap,
HINDCON,SmallCap,
HINDCOPPER,SmallCap,Metals & Mining
HINDOILEXP,SmallCap,
HINDPETRO,MidCap,Oil Gas & Consumable Fuels
HINDUNILVR,LargeCap,Fast Moving Consumer Goods
HINDWAREAP,SmallCap,
HINDZINC,LargeCap,Metals & Mining
HIRECT,SmallCap,
HISARMETAL,SmallCap,
HITECH,SmallCap,
HITECHCORP,SmallCap,
HITECHGEAR,SmallCap,
HLEGLAS,SmallCap,
HLVLTD,SmallCap,
HMAAGRO,SmallCap,
HMVL,SmallCap,
HNDFDS,SmallCap,
HOMEFIRST,SmallCap,Financial Services
HONASA,SmallCap,Fast Moving Consumer Goods
HONAUT,MidCap,Capital Goods
HONDAPOWER,SmallCap,
HPAL,SmallCap,
HPIL,SmallCap,
HPL,SmallCap,
HSCL,SmallCap,Chemicals
HTMEDIA,SmallCap,
HUBTOWN,SmallCap,
HUDCO,MidCap,Financial Services
HUHTAMAKI,SmallCap,
HYBRIDFIN,SmallCap,
HYUNDAI,LargeCap,Automobile and Auto Components
IBULLSLTD,SmallCap,
ICDSLTD,SmallCap,
ICEMAKE,SmallCap,
ICICIAMC,MidCap,Financial Services
ICICIBANK,LargeCap,Financial Services
ICICIGI,MidCap,Financial Services
ICICIPRULI,MidCap,Financial Services
ICIL,SmallCap,
ICRA,SmallCap,
IDBI,SmallCap,Financial Services
IDEA,MidCap,Telecommunication
IDEAFORGE,SmallCap,
IDFCFIRSTB,MidCap,Financial Services
IEX,SmallCap,Financial Services
IFBAGRO,SmallCap,
IFBIND,SmallCap,
IFCI,SmallCap,Financial Services
IFGLEXPOR,SmallCap,
IGARASHI,SmallCap,
IGCL,SmallCap,
IGIL,SmallCap,Services
IGL,SmallCap,Oil Gas & Consumable Fuels
IGPL,SmallCap,
IIFL,SmallCap,Financial Services
IIFLCAPS,SmallCap,
IITL,SmallCap,
IKIO,SmallCap,
IKS,SmallCap,Information Technology
IMAGICAA,SmallCap,
IMFA,SmallCap,
IMPAL,SmallCap,
INA,SmallCap,
INCREDIBLE,SmallCap,
INDBANK,SmallCap,
INDGN,SmallCap,Healthcare
INDHOTEL,LargeCap,Consumer Services
INDIACEM,SmallCap,Construction Materials
INDIAGLYCO,SmallCap,
INDIAMART,SmallCap,Consumer Services
INDIANB,MidCap,Financial Services
INDIANCARD,SmallCap,
INDIANHUME,SmallCap,
INDIASHLTR,SmallCap,
INDIGO,LargeCap,Services
INDIGOPNTS,SmallCap,
INDIQUBE,SmallCap,
INDNIPPON,SmallCap,
INDOAMIN,SmallCap,
INDOBORAX,SmallCap,
INDOCO,SmallCap,
INDOFARM,SmallCap,
INDOMIM,SmallCap,
INDORAMA,SmallCap,
INDOSTAR,SmallCap,
INDOTECH,SmallCap,
INDOTHAI,SmallCap,
INDOUS,SmallCap,
INDOWIND,SmallCap,
INDPRUD,SmallCap,
INDRAMEDCO,SmallCap,
INDSWFTLAB,SmallCap,
INDTERRAIN,SmallCap,
INDUSINDBK,MidCap,Financial Services
INDUSTOWER,MidCap,Telecommunication
INFOBEAN,SmallCap,
INFOMEDIA,SmallCap,
INFY,LargeCap,Information Technology
INGERRAND,SmallCap,
INNOVACAP,SmallCap,
INNOVANA,SmallCap,
INNOVISION,SmallCap,
INOXGREEN,SmallCap,
INOXINDIA,SmallCap,
INOXWIND,SmallCap,Capital Goods
INSECTICID,SmallCap,
INSPIRISYS,SmallCap,
INTELLECT,SmallCap,Information Technology
INTENTECH,SmallCap,
INTERARCH,SmallCap,
INTLCONV,SmallCap,
INVENTURE,SmallCap,
INVPRECQ,SmallCap,
IOB,SmallCap,Financial Services
IOC,LargeCap,Oil Gas & Consumable Fuels
IOLCP,SmallCap,
IONEXCHANG,SmallCap,
IPCALAB,MidCap,Healthcare
IPL,SmallCap,
IRB,SmallCap,Construction
IRCON,SmallCap,Construction
IRCTC,MidCap,Consumer Services
IREDA,MidCap,Financial Services
IRFC,LargeCap,Financial Services
IRIS,SmallCap,
IRISDOREME,SmallCap,
IRMENERGY,SmallCap,
ISFT,SmallCap,
ISGEC,SmallCap,
ISHANCH,SmallCap,
ITC,LargeCap,Fast Moving Consumer Goods
ITCHOTELS,MidCap,Consumer Services
ITDC,SmallCap,
ITI,SmallCap,Telecommunication
IVALUE,SmallCap,
IVC,SmallCap,
IVP,SmallCap,
IWP,SmallCap,
IXIGO,SmallCap,
IZMO,SmallCap,
J&KBANK,SmallCap,Financial Services
JAGRAN,SmallCap,
JAGSNPHARM,SmallCap,
JAIBALAJI,SmallCap,
JAICORPLTD,SmallCap,
JAINREC,SmallCap,Metals & Mining
JAIPURKURT,SmallCap,
JAMNAAUTO,SmallCap,
JARO,SmallCap,
JASH,SmallCap,
JAYAGROGN,SmallCap,
JAYBARMARU,SmallCap,
JAYKAY,SmallCap,
JAYNECOIND,SmallCap,
JAYSREETEA,SmallCap,
JBMA,SmallCap,Automobile and Auto Components
JETFREIGHT,SmallCap,
JGCHEM,SmallCap,
JHS,SmallCap,
JINDALPHOT,SmallCap,
JINDALPOLY,SmallCap,
JINDALSAW,SmallCap,Capital Goods
JINDALSTEL,LargeCap,Metals & Mining
JINDRILL,SmallCap,
JINDWORLD,SmallCap,
JIOFIN,LargeCap,Financial Services
JISLDVREQS,SmallCap,
JISLJALEQS,SmallCap,
JITFINFRA,SmallCap,
JKCEMENT,MidCap,Construction Materials
JKIL,SmallCap,
JKIPL,SmallCap,
JKLAKSHMI,SmallCap,
JKPAPER,SmallCap,
JKTYRE,SmallCap,Automobile and Auto Components
JLHL,SmallCap,
JMA,SmallCap,
JMFINANCIL,SmallCap,Financial Services
JNKINDIA,SmallCap,
JNPR,SmallCap,
JOCIL,SmallCap,
JPOLYINVST,SmallCap,
JPPOWER,SmallCap,Power
JSFB,SmallCap,
JSL,MidCap,Metals & Mining
JSLL,SmallCap,
JSWCEMENT,SmallCap,Construction Materials
JSWDULUX,SmallCap,Consumer Durables
JSWENERGY,MidCap,Power
JSWHL,SmallCap,
JSWINFRA,MidCap,Services
JSWSTEEL,LargeCap,Metals & Mining
JTEKTINDIA,SmallCap,
JTLIND,SmallCap,
JUBLCPL,SmallCap,
JUBLFOOD,MidCap,Consumer Services
JUBLINGREA,SmallCap,Chemicals
JUBLPHARMA,SmallCap,Healthcare
JUNIPER,SmallCap,
JUSTDIAL,SmallCap,
JWL,SmallCap,Capital Goods
JYOTHYLAB,SmallCap,
JYOTICNC,SmallCap,Capital Goods
JYOTISTRUC,SmallCap,
KABRAEXTRU,SmallCap,
KAJARIACER,SmallCap,Consumer Durables
KAKATCEM,SmallCap,
KALAMANDIR,SmallCap,
KALPATARU,SmallCap,
KALYANI,SmallCap,
KALYANIFRG,SmallCap,
KALYANKJIL,MidCap,Consumer Durables
KAMAHOLD,SmallCap,
KAMATHOTEL,SmallCap,
KAMDHENU,SmallCap,
KAMOPAINTS,SmallCap,
KANANIIND,SmallCap,
KANCHI,SmallCap,
KANORICHEM,SmallCap,
KANPRPLA,SmallCap,
KANSAINER,SmallCap,
KAPSTON,SmallCap,
KARMAENG,SmallCap,
KARURVYSYA,SmallCap,Financial Services
KAUSHALYA,SmallCap,
KAVDEFENCE,SmallCap,
KAYA,SmallCap,
KAYNES,SmallCap,Capital Goods
KCP,SmallCap,
KCPSUGIND,SmallCap,
KDDL,SmallCap,
KEC,SmallCap,Construction
KECL,SmallCap,
KEEPLEARN,SmallCap,
KEI,MidCap,Capital Goods
KELLTONTEC,SmallCap,
KENNAMET,SmallCap,
KERNEX,SmallCap,
KESORAMIND,SmallCap,
KEYFINSERV,SmallCap,
KFINTECH,SmallCap,Financial Services
KHADIM,SmallCap,
KHAICHEM,SmallCap,
KHAITANLTD,SmallCap,
KHANDSE,SmallCap,
KICL,SmallCap,
KILITCH,SmallCap,
KIMS,SmallCap,Healthcare
KINGFA,SmallCap,
KIOCL,SmallCap,
KIRANVYPAR,SmallCap,
KIRIINDUS,SmallCap,
KIRLFER,SmallCap,
KIRLOSBROS,SmallCap,
KIRLOSENG,SmallCap,Capital Goods
KIRLOSIND,SmallCap,
KIRLPNU,SmallCap,
KISSHT,SmallCap,
KITEX,SmallCap,
KKCL,SmallCap,
KLBRENG-B,SmallCap,
KMEW,SmallCap,
KMSUGAR,SmallCap,
KNACK,SmallCap,
KNAGRI,SmallCap,
KNRCON,SmallCap,
KOHINOOR,SmallCap,
KOKUYOCMLN,SmallCap,
KOLTEPATIL,SmallCap,
KOPRAN,SmallCap,
KOTAKBANK,LargeCap,Financial Services
KOTARISUG,SmallCap,
KOTHARIPET,SmallCap,
KOTHARIPRO,SmallCap,
KOTIC,SmallCap,
KOTYARK,SmallCap,
KOVAI,SmallCap,
KPEL,SmallCap,
KPIGREEN,SmallCap,
KPIL,SmallCap,Construction
KPITTECH,MidCap,Information Technology
KPL,SmallCap,
KPRMILL,MidCap,Textiles
KRBL,SmallCap,
KREBSBIO,SmallCap,
KRIDHANINF,SmallCap,
KRISHANA,SmallCap,
KRISHIVAL,SmallCap,
KRISHNADEF,SmallCap,
KRITI,SmallCap,
KRITIKA,SmallCap,
KRITINUT,SmallCap,
KRN,SmallCap,
KRONOX,SmallCap,
KROSS,SmallCap,
KRSNAA,SmallCap,
KRYSTAL,SmallCap,
KSB,SmallCap,
KSCL,SmallCap,
KSHINTL,SmallCap,
KSHITIJPOL,SmallCap,
KSL,SmallCap,
KSOLVES,SmallCap,
KSR,SmallCap,
KTKBANK,SmallCap,
KUANTUM,SmallCap,
KUSUMGAR,SmallCap,
KWIL,SmallCap,
LAGNAM,SmallCap,
LAHOTIOV,SmallCap,
LAL,SmallCap,
LALPATHLAB,SmallCap,Healthcare
LAMBODHARA,SmallCap,
LANCORHOL,SmallCap,
LANDMARK,SmallCap,
LANDSMILL,SmallCap,
LAOPALA,SmallCap,
LASA,SmallCap,
LASERPOWER,SmallCap,
LATENTVIEW,SmallCap,Information Technology
LATTEYS,SmallCap,
LAURUSLABS,MidCap,Healthcare
LAXMICOT,SmallCap,
LAXMIDENTL,SmallCap,
LAXMIINDIA,SmallCap,
LCCINFOTEC,SmallCap,
LCL,SmallCap,
LEMERITE,SmallCap,
LEMONTREE,SmallCap,Consumer Services
LENSKART,MidCap,Consumer Services
LEXUS,SmallCap,
LFIC,SmallCap,
LGBBROSLTD,SmallCap,
LGEINDIA,MidCap,Consumer Durables
LGHL,SmallCap,
LIBAS,SmallCap,
LIBERTSHOE,SmallCap,
LICHSGFIN,MidCap,Financial Services
LICI,MidCap,Financial Services
LIKHITHA,SmallCap,
LINC,SmallCap,
LINCOLN,SmallCap,
LINDEINDIA,MidCap,Chemicals
LLOYDSENGG,SmallCap,
LLOYDSENT,SmallCap,
LLOYDSME,MidCap,Metals & Mining
LMW,SmallCap,
LODHA,LargeCap,Realty
LOKESHMACH,SmallCap,
LORDSCHLO,SmallCap,
LOTUSDEV,SmallCap,
LOTUSEYE,SmallCap,
LOVABLE,SmallCap,
LOYALTEX,SmallCap,
LPDC,SmallCap,
LT,LargeCap,Construction
LTF,MidCap,Financial Services
LTFOODS,SmallCap,Fast Moving Consumer Goods
LTM,LargeCap,Information Technology
LTTS,MidCap,Information Technology
LUMAXIND,SmallCap,
LUMAXTECH,SmallCap,
LUPIN,MidCap,Healthcare
LUXIND,SmallCap,
LXCHEM,SmallCap,
LYKALABS,SmallCap,
M&M,LargeCap,Automobile and Auto Components
M&MFIN,MidCap,Financial Services
MAANALU,SmallCap,
MACPOWER,SmallCap,
MADHAV,SmallCap,
MADHAVIPL,SmallCap,
MADHUCON,SmallCap,
MADRASFERT,SmallCap,
MAFATIND,SmallCap,
MAGADSUGAR,SmallCap,
MAGNUM,SmallCap,
MAHABANK,MidCap,Financial Services
MAHAPEXLTD,SmallCap,
MAHASTEEL,SmallCap,
MAHEPC,SmallCap,
MAHESHWARI,SmallCap,
MAHLIFE,SmallCap,
MAHLOG,SmallCap,
MAHSCOOTER,SmallCap,
MAHSEAMLES,SmallCap,
MAITHANALL,SmallCap,
MAJESAUT,SmallCap,
MALLCOM,SmallCap,
MALUPAPER,SmallCap,
MAMATA,SmallCap,
MANAKALUCO,SmallCap,
MANAKCOAT,SmallCap,
MANAKSIA,SmallCap,
MANAKSTEEL,SmallCap,
MANALIPETC,SmallCap,
MANAPPURAM,SmallCap,Financial Services
MANBA,SmallCap,
MANCREDIT,SmallCap,
MANGALAM,SmallCap,
MANGLMCEM,SmallCap,
MANINDS,SmallCap,
MANINFRA,SmallCap,
MANIPALHOS,SmallCap,
MANKIND,MidCap,Healthcare
MANOMAY,SmallCap,
MANORAMA,SmallCap,
MANORG,SmallCap,
MANUGRAPH,SmallCap,
MANYAVAR,SmallCap,
MAPMYINDIA,SmallCap,Information Technology
MARALOVER,SmallCap,
MARATHON,SmallCap,
MARICO,MidCap,Fast Moving Consumer Goods
MARINE,SmallCap,
MARKOLINES,SmallCap,
MARKSANS,SmallCap,
MARSONS,SmallCap,
MARUTI,LargeCap,Automobile and Auto Components
MASFIN,SmallCap,
MASKINVEST,SmallCap,
MASTEK,SmallCap,
MASTERTR,SmallCap,
MATRIMONY,SmallCap,
MAWANASUG,SmallCap,
MAXESTATES,SmallCap,
MAXHEALTH,LargeCap,Healthcare
MAXIND,SmallCap,
MAYURUNIQ,SmallCap,
MAZDA,SmallCap,
MAZDOCK,LargeCap,Capital Goods
MBAPL,SmallCap,
MBEL,SmallCap,
MBLINFRA,SmallCap,
MCCHRLS-B,SmallCap,
MCL,SmallCap,
MCLEODRUSS,SmallCap,
MCLOUD,SmallCap,
MCX,MidCap,Financial Services
MEDANTA,MidCap,Healthcare
MEDIASSIST,SmallCap,
MEDICAMEQ,SmallCap,
MEDICO,SmallCap,
MEDPLUS,SmallCap,
MEESHO,SmallCap,Consumer Services
MEGASTAR,SmallCap,
MEIL,SmallCap,
MENNPIS,SmallCap,
MENONBE,SmallCap,
MERCANTILE,SmallCap,
MERCURYEV,SmallCap,
METROBRAND,SmallCap,
METROGLOBL,SmallCap,
METROPOLIS,SmallCap,
MFML,SmallCap,
MFSL,MidCap,Financial Services
MGEL,SmallCap,
MGL,SmallCap,Oil Gas & Consumable Fuels
MHLXMIRU,SmallCap,
MHRIL,SmallCap,
MICEL,SmallCap,
MIDHANI,SmallCap,
MIDWESTLTD,SmallCap,
MINDACORP,SmallCap,Automobile and Auto Components
MINDTECK,SmallCap,
MIRZAINT,SmallCap,
MITCON,SmallCap,
MITTAL,SmallCap,
MKPL,SmallCap,
MMFL,SmallCap,
MMP,SmallCap,
MMTC,SmallCap,Services
MMWL,SmallCap,
MOBIKWIK,SmallCap,
MODINATUR,SmallCap,
MODIRUBBER,SmallCap,
MODIS,SmallCap,
MODISONLTD,SmallCap,
MODTHREAD,SmallCap,
MOHITIND,SmallCap,
MOIL,SmallCap,
MOKSH,SmallCap,
MOL,SmallCap,
MOLDTECH,SmallCap,
MOLDTKPAC,SmallCap,
MONARCH,SmallCap,
MONEYBOXX,SmallCap,
MONTECARLO,SmallCap,
MOREPENLAB,SmallCap,
MOSCHIP,SmallCap,
MOTHERSON,LargeCap,Automobile and Auto Components
MOTILALOFS,MidCap,Financial Services
MOTISONS,SmallCap,
MOTOGENFIN,SmallCap,
MPHASIS,MidCap,Information Technology
MPSLTD,SmallCap,
MRF,MidCap,Automobile and Auto Components
MRPL,SmallCap,Oil Gas & Consumable Fuels
MSPL,SmallCap,
MSTCLTD,SmallCap,
MSUMI,SmallCap,Automobile and Auto Components
MTARTECH,SmallCap,
MTEDUCARE,SmallCap,
MTNL,SmallCap,
MUFIN,SmallCap,
MUFTI,SmallCap,
MUKANDLTD,SmallCap,
MUKKA,SmallCap,
MUKTAARTS,SmallCap,
MUNJALAU,SmallCap,
MUNJALSHOW,SmallCap,
MURUDCERA,SmallCap,
MUTHOOTCAP,SmallCap,
MUTHOOTFIN,LargeCap,Financial Services
MUTHOOTMF,SmallCap,
MVELECTRO,SmallCap,
MVGJL,SmallCap,
MWL,SmallCap,
NACLIND,SmallCap,
NAGREEKCAP,SmallCap,
NAGREEKEXP,SmallCap,
NAHARCAP,SmallCap,
NAHARINDUS,SmallCap,
NAHARPOLY,SmallCap,
NAHARSPING,SmallCap,
NAM-INDIA,MidCap,Financial Services
NARMADA,SmallCap,
NATCAPSUQ,SmallCap,
NATCOPHARM,SmallCap,Healthcare
NATHBIOGEN,SmallCap,
NATIONALUM,MidCap,Metals & Mining
NATIONSTD,SmallCap,
NAUKRI,MidCap,Consumer Services
NAVA,SmallCap,Power
NAVINFLUOR,SmallCap,Chemicals
NAVKARCORP,SmallCap,
NAVKARURB,SmallCap,
NAVNETEDUL,SmallCap,
NAZARA,SmallCap,
NBCC,SmallCap,Construction
NBIFIN,SmallCap,
NCC,SmallCap,Construction
NCLIND,SmallCap,
NDGL,SmallCap,
NDL,SmallCap,
NDLVENTURE,SmallCap,
NDRAUTO,SmallCap,
NDTV,SmallCap,
NEAGI,SmallCap,
NECCLTD,SmallCap,
NECLIFE,SmallCap,
NELCAST,SmallCap,
NELCO,SmallCap,
NEOGEN,SmallCap,
NEPHROPLUS,SmallCap,
NESCO,SmallCap,
NESTLEIND,LargeCap,Fast Moving Consumer Goods
NETWEB,SmallCap,Information Technology
NETWORK18,SmallCap,
NEUEON,SmallCap,
NEULANDLAB,SmallCap,Healthcare
NEWGEN,SmallCap,Information Technology
NEXTMEDIA,SmallCap,
NFL,SmallCap,
NGIL,SmallCap,
NGLFINE,SmallCap,
NH,SmallCap,Healthcare
NHPC,MidCap,Power
NIACL,MidCap,Financial Services
NIBE,SmallCap,
NIBL,SmallCap,
NIITLTD,SmallCap,
NIITMTS,SmallCap,
NILAINFRA,SmallCap,
NILASPACES,SmallCap,
NILE,SmallCap,
NILKAMAL,SmallCap,
NIMBSPROJ,SmallCap,
NINSYS,SmallCap,
NIPPOBATRY,SmallCap,
NIRAJ,SmallCap,
NIRAJISPAT,SmallCap,
NIRLON,SmallCap,
NITCO,SmallCap,
NITINSPIN,SmallCap,
NITIRAJ,SmallCap,
NITTAGELA,SmallCap,
NIVABUPA,SmallCap,Financial Services
NKIND,SmallCap,
NLCINDIA,MidCap,Power
NMDC,MidCap,Metals & Mining
NOCIL,SmallCap,
NOIDATOLL,SmallCap,
NORBTEAEXP,SmallCap,
NORTHARC,SmallCap,
NOVAAGRI,SmallCap,
NOVARTIND,SmallCap,
NPST,SmallCap,
NRAIL,SmallCap,
NRBBEARING,SmallCap,
NRL,SmallCap,
NSIL,SmallCap,
NSLNISP,SmallCap,Metals & Mining
NTPC,LargeCap,Power
NTPCGREEN,MidCap,Power
NUCLEUS,SmallCap,
NURECA,SmallCap,
NUVAMA,SmallCap,Financial Services
NUVOCO,SmallCap,Construction Materials
NYKAA,MidCap,Consumer Services
OAL,SmallCap,
OBCL,SmallCap,
OBEROIRLTY,MidCap,Realty
OCCLLTD,SmallCap,
ODIGMA,SmallCap,
OFSS,MidCap,Information Technology
OIL,MidCap,Oil Gas & Consumable Fuels
OILCOUNTUB,SmallCap,
OLAELEC,SmallCap,Automobile and Auto Components
OLECTRA,SmallCap,Automobile and Auto Components
OMAXAUTO,SmallCap,
OMAXE,SmallCap,
OMFREIGHT,SmallCap,
OMINFRAL,SmallCap,
OMNI,SmallCap,
OMPOWER,SmallCap,
ONELIFECAP,SmallCap,
ONEPOINT,SmallCap,
ONESOURCE,SmallCap,Healthcare
ONGC,LargeCap,Oil Gas & Consumable Fuels
ONIDA,SmallCap,
ONMOBILE,SmallCap,
ONWARDTEC,SmallCap,
OPTIEMUS,SmallCap,
ORBTEXP,SmallCap,
ORCHASP,SmallCap,
ORCHPHARMA,SmallCap,
ORICONENT,SmallCap,
ORIENTALTL,SmallCap,
ORIENTBELL,SmallCap,
ORIENTCEM,SmallCap,
ORIENTCER,SmallCap,
ORIENTELEC,SmallCap,
ORIENTHOT,SmallCap,
ORIENTLTD,SmallCap,
ORIENTPPR,SmallCap,
ORIENTTECH,SmallCap,
ORISSAMINE,SmallCap,
ORKLAINDIA,SmallCap,
ORTINGLOBE,SmallCap,
OSIAHYPER,SmallCap,
OSWALAGRO,SmallCap,
OSWALGREEN,SmallCap,
OSWALPUMPS,SmallCap,
OSWALSEEDS,SmallCap,
PACEDIGITK,SmallCap,
PAGEIND,MidCap,Textiles
PAISALO,SmallCap,
PAKKA,SmallCap,
PALASHSECU,SmallCap,
PALREDTEC,SmallCap,
PANACEABIO,SmallCap,
PANACHE,SmallCap,
PANAMAPET,SmallCap,
PANSARI,SmallCap,
PAR,SmallCap,
PARACABLES,SmallCap,
PARADEEP,SmallCap,Chemicals
PARAGMILK,SmallCap,
PARAS,SmallCap,
PARASPETRO,SmallCap,
PARKHOSPS,SmallCap,
PARKHOTELS,SmallCap,
PARSVNATH,SmallCap,
PASHUPATI,SmallCap,
PASUPTAC,SmallCap,
PATANJALI,MidCap,Fast Moving Consumer Goods
PATELENG,SmallCap,
PATELRMART,SmallCap,
PATINTLOG,SmallCap,
PAUSHAKLTD,SmallCap,
PAVNAIND,SmallCap,
PAYTM,MidCap,Financial Services
PCBL,SmallCap,Chemicals
PCJEWELLER,SmallCap,
PDMJEPAPER,SmallCap,
PDSL,SmallCap,
PEARLPOLY,SmallCap,
PENIND,SmallCap,
PENINLAND,SmallCap,
PERSISTENT,MidCap,Information Technology
PETRONET,MidCap,Oil Gas & Consumable Fuels
PFC,LargeCap,Financial Services
PFIZER,SmallCap,Healthcare
PFOCUS,SmallCap,Media Entertainment & Publication
PFS,SmallCap,
PGEL,SmallCap,Consumer Durables
PGHH,SmallCap,
PGHL,SmallCap,
PGIL,SmallCap,
PHOENIXLTD,MidCap,Realty
PICCADIL,SmallCap,
PIDILITIND,LargeCap,Chemicals
PIGL,SmallCap,
PIIND,MidCap,Chemicals
PILANIINVS,SmallCap,
PILITA,SmallCap,
PINELABS,SmallCap,Financial Services
PIONEEREMB,SmallCap,
PIONRINV,SmallCap,
PIRAMALFIN,SmallCap,Financial Services
PITTIENG,SmallCap,
PIXTRANS,SmallCap,
PKTEA,SmallCap,
PLASTIBLEN,SmallCap,
PLATIND,SmallCap,
PLAZACABLE,SmallCap,
PML,SmallCap,
PNB,LargeCap,Financial Services
PNBGILTS,SmallCap,
PNBHOUSING,SmallCap,Financial Services
PNC,SmallCap,
PNCINFRA,SmallCap,
PNGJL,SmallCap,
PNGSREVA,SmallCap,
POCL,SmallCap,
PODDARMENT,SmallCap,
POKARNA,SmallCap,
POLICYBZR,MidCap,Financial Services
POLYCAB,MidCap,Capital Goods
POLYMED,SmallCap,Healthcare
POLYPLEX,SmallCap,
PONNIERODE,SmallCap,
POONAWALLA,SmallCap,Financial Services
POWERGRID,LargeCap,Power
POWERICA,SmallCap,
POWERINDIA,MidCap,Capital Goods
POWERMECH,SmallCap,
PPAP,SmallCap,
PPL,SmallCap,
PPLPHARMA,SmallCap,Healthcare
PRABHA,SmallCap,
PRADPME,SmallCap,
PRAENG,SmallCap,
PRAJIND,SmallCap,
PRAKASH,SmallCap,
PRAKASHSTL,SmallCap,
PRAVEG,SmallCap,
PRAXIS,SmallCap,
PRECAM,SmallCap,
PRECOT,SmallCap,
PRECWIRE,SmallCap,
PREMCO,SmallCap,
PREMEXPLN,SmallCap,
PREMIER,SmallCap,
PREMIERENE,MidCap,Capital Goods
PREMIERPOL,SmallCap,
PRESTIGE,MidCap,Realty
PRICOLLTD,SmallCap,
PRIMESECU,SmallCap,
PRIMO,SmallCap,
PRINCEPIPE,SmallCap,
PRITI,SmallCap,
PRITIKAUTO,SmallCap,
PRIVISCL,SmallCap,
PROSTARM,SmallCap,
PROTEAN,SmallCap,
PROZONER,SmallCap,
PRSMJOHNSN,SmallCap,
PRUDENT,SmallCap,
PRUDMOULI,SmallCap,
PSB,SmallCap,
PSPPROJECT,SmallCap,
PTC,SmallCap,
PTCIL,SmallCap,Capital Goods
PTL,SmallCap,
PUNJABCHEM,SmallCap,
PURVA,SmallCap,
PVP,SmallCap,
PVRINOX,SmallCap,Media Entertainment & Publication
PVSL,SmallCap,
PWL,SmallCap,Consumer Services
PYRAMID,SmallCap,
QMSMEDI,SmallCap,
QPOWER,SmallCap,
QUADFUTURE,SmallCap,
QUESS,SmallCap,
QUICKHEAL,SmallCap,
QUINT,SmallCap,
QUINTEGRA,SmallCap,
RACE,SmallCap,
RACLGEAR,SmallCap,
RADAAN,SmallCap,
RADHIKAJWE,SmallCap,
RADIANTCMS,SmallCap,
RADICO,MidCap,Fast Moving Consumer Goods
RADIOCITY,SmallCap,
RAILTEL,SmallCap,Telecommunication
RAIN,SmallCap,
RAINBOW,SmallCap,Healthcare
RAJMET,SmallCap,
RAJOOENG,SmallCap,
RAJPALAYAM,SmallCap,
RAJRATAN,SmallCap,
RAJRILTD,SmallCap,
RAJSREESUG,SmallCap,
RAJTV,SmallCap,
RALLIS,SmallCap,
RAMANEWS,SmallCap,
RAMAPHO,SmallCap,
RAMASTEEL,SmallCap,
RAMBHAJO,SmallCap,
RAMCOCEM,SmallCap,Construction Materials
RAMCOIND,SmallCap,
RAMCOSYS,SmallCap,
RAMKY,SmallCap,
RAMRAT,SmallCap,
RANASUG,SmallCap,
RANEHOLDIN,SmallCap,
RATEGAIN,SmallCap,
RATNAMANI,SmallCap,
RATNAVEER,SmallCap,
RAYMOND,SmallCap,
RAYMONDLSL,SmallCap,
RAYMONDREL,SmallCap,
RBA,SmallCap,
RBLBANK,SmallCap,Financial Services
RBZJEWEL,SmallCap,
RCF,SmallCap,
RCOM,SmallCap,
RECLTD,LargeCap,Financial Services
REDINGTON,SmallCap,Services
REDTAPE,SmallCap,
REFEX,SmallCap,
REGAAL,SmallCap,
REGENCERAM,SmallCap,
RELAXO,SmallCap,
RELCHEMQ,SmallCap,
RELIABLE,SmallCap,
RELIANCE,LargeCap,Oil Gas & Consumable Fuels
RELIGARE,SmallCap,
RELINFRA,SmallCap,
RELTD,SmallCap,
REMSONSIND,SmallCap,
RENUKA,SmallCap,
REPCOHOME,SmallCap,
REPL,SmallCap,
REPRO,SmallCap,
RESPONIND,SmallCap,
RETAIL,SmallCap,
RGL,SmallCap,
RHETAN,SmallCap,
RHIM,SmallCap,Capital Goods
RHL,SmallCap,
RICOAUTO,SmallCap,
RIIL,SmallCap,
RIR,SmallCap,
RISHABH,SmallCap,
RITCO,SmallCap,
RITES,SmallCap,Construction
RKDL,SmallCap,
RKEC,SmallCap,
RKFORGE,SmallCap,Automobile and Auto Components
RKSWAMY,SmallCap,
RMC,SmallCap,
RMDRIP,SmallCap,
RML,SmallCap,
RNBDENIMS,SmallCap,
ROHLTD,SmallCap,
ROLEXRINGS,SmallCap,
ROLLT,SmallCap,
ROML,SmallCap,
ROSSARI,SmallCap,
ROSSELLIND,SmallCap,
ROSSTECH,SmallCap,
ROTO,SmallCap,
ROUTE,SmallCap,
RPEL,SmallCap,
RPGLIFE,SmallCap,
RPOWER,SmallCap,Power
RPPINFRA,SmallCap,
RPPL,SmallCap,
RPSGVENT,SmallCap,
RPTECH,SmallCap,
RRIL,SmallCap,
RRKABEL,SmallCap,Capital Goods
RSDFIN,SmallCap,
RSL,SmallCap,
RSSOFTWARE,SmallCap,
RSWM,SmallCap,
RSYSTEMS,SmallCap,
RTNINDIA,SmallCap,
RTNPOWER,SmallCap,
RUBFILA,SmallCap,
RUBICON,SmallCap,
RUBYMILLS,SmallCap,
RUCHINFRA,SmallCap,
RUCHIRA,SmallCap,
RUDRA,SmallCap,
RUPA,SmallCap,
RUSHIL,SmallCap,
RUSTOMJEE,SmallCap,
RVHL,SmallCap,
RVNL,MidCap,Construction
RVTH,SmallCap,
S&SPOWER,SmallCap,
SAATVIKGL,SmallCap,
SADBHAV,SmallCap,
SADBHIN,SmallCap,
SADHNANIQ,SmallCap,
SAFARI,SmallCap,
SAGARDEEP,SmallCap,
SAGCEM,SmallCap,
SAGILITY,SmallCap,Information Technology
SAHLIBHFI,SmallCap,
SAHYADRI,SmallCap,
SAIL,MidCap,Metals & Mining
SAILIFE,SmallCap,Healthcare
SAIPARENT,SmallCap,
SAKAR,SmallCap,
SAKHTISUG,SmallCap,
SAKSOFT,SmallCap,
SAKUMA,SmallCap,
SALASAR,SmallCap,
SALONA,SmallCap,
SALSTEEL,SmallCap,
SALZERELEC,SmallCap,
SAMBHAAV,SmallCap,
SAMBHV,SmallCap,
SAMHI,SmallCap,
SAMMAANCAP,SmallCap,Financial Services
SAMPANN,SmallCap,
SANATHAN,SmallCap,
SANDESH,SmallCap,
SANDHAR,SmallCap,
SANDUMA,SmallCap,
SANGAMIND,SmallCap,
SANGHVIMOV,SmallCap,
SANGINITA,SmallCap,
SANOFI,SmallCap,
SANOFICONR,SmallCap,
SANSERA,SmallCap,
SANSTAR,SmallCap,
SAPPHIRE,SmallCap,Consumer Services
SAPPL,SmallCap,
SARDAEN,SmallCap,Metals & Mining
SAREGAMA,SmallCap,Media Entertainment & Publication
SARLAPOLY,SmallCap,
SARVESHWAR,SmallCap,
SASKEN,SmallCap,
SATIA,SmallCap,
SATIN,SmallCap,
SAURASHCEM,SmallCap,
SAYAJIHOTL,SmallCap,
SBC,SmallCap,
SBCL,SmallCap,
SBFC,SmallCap,Financial Services
SBGLP,SmallCap,
SBICARD,MidCap,Financial Services
SBIFUNDS,SmallCap,
SBILIFE,LargeCap,Financial Services
SBIN,LargeCap,Financial Services
SCANSTL,SmallCap,
SCHAEFFLER,MidCap,Automobile and Auto Components
SCHAND,SmallCap,
SCHNEIDER,SmallCap,Capital Goods
SCI,SmallCap,Services
SCILAL,SmallCap,
SCODATUBES,SmallCap,
SCPL,SmallCap,
SDBL,SmallCap,
SEAMECLTD,SmallCap,
SECMARK,SmallCap,
SECURKLOUD,SmallCap,
SEDEMAC,SmallCap,
SEIL,SmallCap,
SEJALLTD,SmallCap,
SELMC,SmallCap,
SEMAC,SmallCap,
SENCO,SmallCap,
SENORES,SmallCap,
SEPC,SmallCap,
SERVOTECH,SmallCap,
SESHAPAPER,SmallCap,
SETCO,SmallCap,
SETL,SmallCap,
SEYAIND,SmallCap,
SFL,SmallCap,
SGFIN,SmallCap,
SGIL,SmallCap,
SGL,SmallCap,
SGMART,SmallCap,
SHADOWFAX,SmallCap,
SHAH,SmallCap,
SHAHALLOYS,SmallCap,
SHAILY,SmallCap,
SHAKTIPUMP,SmallCap,
SHALBY,SmallCap,
SHALPAINTS,SmallCap,
SHANKARA,SmallCap,
SHANTI,SmallCap,
SHANTIGEAR,SmallCap,
SHANTIGOLD,SmallCap,
SHARDACROP,SmallCap,
SHARDAMOTR,SmallCap,
SHARDUL,SmallCap,
SHAREINDIA,SmallCap,
SHBAJRG,SmallCap,
SHEKHAWATI,SmallCap,
SHEMAROO,SmallCap,
SHILCTECH,SmallCap,
SHILPAMED,SmallCap,
SHINDL,SmallCap,
SHIVALIK,SmallCap,
SHIVAMAUTO,SmallCap,
SHIVAMILLS,SmallCap,
SHIVATEX,SmallCap,
SHIVAUM,SmallCap,
SHK,SmallCap,
SHOPERSTOP,SmallCap,
SHRADHA,SmallCap,
SHREDIGCEM,SmallCap,
SHREECEM,LargeCap,Construction Materials
SHREEJISPG,SmallCap,
SHREEPUSHK,SmallCap,
SHREERAMA,SmallCap,
SHREYANIND,SmallCap,
SHRIKRISH,SmallCap,
SHRINGARMS,SmallCap,
SHRIPISTON,SmallCap,
SHRIRAMFIN,LargeCap,Financial Services
SHRIRAMPPS,SmallCap,
SHYAMCENT,SmallCap,
SHYAMMETL,SmallCap,Capital Goods
SHYAMTEL,SmallCap,
SICAGEN,SmallCap,
SICALLOG,SmallCap,
SIEMENS,LargeCap,Capital Goods
SIGACHI,SmallCap,
SIGIND,SmallCap,
SIGMA,SmallCap,
SIGMAADV,SmallCap,
SIGNATURE,SmallCap,Realty
SIGNPOST,SmallCap,
SIKA,SmallCap,
SIKKO,SmallCap,
SIL,SmallCap,
SILGO,SmallCap,
SILINV,SmallCap,
SILLYMONKS,SmallCap,
SILVERTUC,SmallCap,
SIMPLEXINF,SmallCap,
SINCLAIR,SmallCap,
SINDHUTRAD,SmallCap,
SINGERIND,SmallCap,
SINTERCOM,SmallCap,
SIRCA,SmallCap,
SIS,SmallCap,
SIYSIL,SmallCap,
SJS,SmallCap,
SJVN,MidCap,Power
SKFINDIA,SmallCap,
SKFINDUS,SmallCap,
SKIPPER,SmallCap,
SKMEGGPROD,SmallCap,
SKYGOLD,SmallCap,
SMARTLINK,SmallCap,
SMARTWORKS,SmallCap,
SMCGLOBAL,SmallCap,
SMLMAH,SmallCap,
SMLT,SmallCap,
SMSPHARMA,SmallCap,
SNOWMAN,SmallCap,
SOBHA,SmallCap,Realty
SOFTTECH,SmallCap,
SOLARA,SmallCap,
SOLARINDS,LargeCap,Chemicals
SOLARWORLD,SmallCap,
SOLEX,SmallCap,
SOMANYCERA,SmallCap,
SOMATEX,SmallCap,
SOMICONVEY,SmallCap,
SONACOMS,SmallCap,Automobile and Auto Components
SONAL,SmallCap,
SONAMLTD,SmallCap,
SONATSOFTW,SmallCap,Information Technology
SOTL,SmallCap,
SOUTHBANK,SmallCap,
SOUTHWEST,SmallCap,
SPAL,SmallCap,
SPANDANA,SmallCap,
SPARC,SmallCap,
SPCENET,SmallCap,
SPECIALITY,SmallCap,
SPECTRUM,SmallCap,
SPENCERS,SmallCap,
SPIC,SmallCap,
SPLIL,SmallCap,
SPLPETRO,SmallCap,Chemicals
SPMLINFRA,SmallCap,
SPORTKING,SmallCap,
SRD,SmallCap,
SREEL,SmallCap,
SRF,MidCap,Chemicals
SRGHFL,SmallCap,
SRHHYPOLTD,SmallCap,
SRM,SmallCap,
SRTL,SmallCap,
SSDL,SmallCap,
SSWL,SmallCap,
STALLION,SmallCap,
STANLEY,SmallCap,
STAR,SmallCap,
STARCEMENT,SmallCap,
STARHEALTH,SmallCap,Financial Services
STARPAPER,SmallCap,
STARTECK,SmallCap,
STCINDIA,SmallCap,
STEELCAS,SmallCap,
STEELCITY,SmallCap,
STEELXIND,SmallCap,
STEL,SmallCap,
STERTOOLS,SmallCap,
STLNETWORK,SmallCap,
STLTECH,SmallCap,
STOVEKRAFT,SmallCap,
STUDDS,SmallCap,
STYL,SmallCap,
STYLAMIND,SmallCap,
STYLEBAAZA,SmallCap,
STYRENIX,SmallCap,
SUBEXLTD,SmallCap,
SUBROS,SmallCap,
SUDARCOLOR,SmallCap,
SUDARSCHEM,SmallCap,
SUDEEPPHRM,SmallCap,
SUKHJITS,SmallCap,
SULA,SmallCap,
SUMEETINDS,SmallCap,
SUMICHEM,SmallCap,Chemicals
SUMIT,SmallCap,
SUMMITSEC,SmallCap,
SUNCLAY,SmallCap,
SUNDARAM,SmallCap,
SUNDARMFIN,MidCap,Financial Services
SUNDRMBRAK,SmallCap,
SUNDRMFAST,SmallCap,
SUNDROP,SmallCap,
SUNFLAG,SmallCap,
SUNPHARMA,LargeCap,Healthcare
SUNTECK,SmallCap,
SUNTV,SmallCap,Media Entertainment & Publication
SUPERHOUSE,SmallCap,
SUPERSPIN,SmallCap,
SUPRAJIT,SmallCap,
SUPREME,SmallCap,
SUPREMEIND,MidCap,Capital Goods
SUPREMEINF,SmallCap,
SUPRIYA,SmallCap,
SURAJEST,SmallCap,
SURAJLTD,SmallCap,
SURAKSHA,SmallCap,
SURANASOL,SmallCap,
SURANAT&P,SmallCap,
SURYALA,SmallCap,
SURYALAXMI,SmallCap,
SURYAROSNI,SmallCap,
SURYODAY,SmallCap,
SUTLEJTEX,SmallCap,
SUVEN,SmallCap,
SUVIDHAA,SmallCap,
SUYOG,SmallCap,
SUZLON,MidCap,Capital Goods
SVLL,SmallCap,
SVPGLOB,SmallCap,
SWANCORP,SmallCap,Chemicals
SWANDEF,SmallCap,
SWARAJENG,SmallCap,
SWELECTES,SmallCap,
SWIGGY,MidCap,Consumer Services
SWSOLAR,SmallCap,
SYMPHONY,SmallCap,
SYNCOMF,SmallCap,
SYNGENE,SmallCap,Healthcare
SYRMA,SmallCap,Capital Goods
SYSTMTXC,SmallCap,
TAALTECH,SmallCap,
TAINWALCHM,SmallCap,
TAJGVK,SmallCap,
TAKE,SmallCap,
TALBROAUTO,SmallCap,
TAMBOLIIN,SmallCap,
TANLA,SmallCap,
TARACHAND,SmallCap,
TARAPUR,SmallCap,
TARC,SmallCap,
TARIL,SmallCap,Capital Goods
TARMAT,SmallCap,
TARSONS,SmallCap,
TASTYBITE,SmallCap,
TATACAP,LargeCap,Financial Services
TATACHEM,SmallCap,Chemicals
TATACOMM,MidCap,Telecommunication
TATACONSUM,LargeCap,Fast Moving Consumer Goods
TATAELXSI,MidCap,Information Technology
TATAINVEST,MidCap,Financial Services
TATAPOWER,LargeCap,Power
TATASTEEL,LargeCap,Metals & Mining
TATATECH,SmallCap,Information Technology
TATVA,SmallCap,
TBOTEK,SmallCap,Consumer Services
TBZ,SmallCap,
TCC,SmallCap,
TCI,SmallCap,
TCIEXP,SmallCap,
TCIFINANCE,SmallCap,
TCPLPACK,SmallCap,
TCS,LargeCap,Information Technology
TDPOWERSYS,SmallCap,
TEAMGTY,SmallCap,
TEAMLEASE,SmallCap,
TECHM,LargeCap,Information Technology
TECHNOE,SmallCap,Construction
TECHNVISN,SmallCap,
TECILCHEM,SmallCap,
TEGA,SmallCap,Capital Goods
TEJASNET,SmallCap,Telecommunication
TEMBO,SmallCap,
TENNIND,SmallCap,Automobile and Auto Components
TERASOFT,SmallCap,
TEXINFRA,SmallCap,
TEXMOPIPES,SmallCap,
TEXRAIL,SmallCap,
TFCILTD,SmallCap,
TFL,SmallCap,
TGBHOTELS,SmallCap,
THACKER,SmallCap,
THAKDEV,SmallCap,
THANGAMAYL,SmallCap,
THEINVEST,SmallCap,
THEJO,SmallCap,
THELEELA,SmallCap,Consumer Services
THEMISMED,SmallCap,
THERMAX,MidCap,Capital Goods
THOMASCOOK,SmallCap,
THOMASCOTT,SmallCap,
THYROCARE,SmallCap,
TI,SmallCap,
TICL,SmallCap,
TIGERLOGS,SmallCap,
TIIL,SmallCap,
TIINDIA,MidCap,Automobile and Auto Components
TIJARIA,SmallCap,
TIL,SmallCap,
TIMETECHNO,SmallCap,
TIMEX,SmallCap,
TIMKEN,SmallCap,Capital Goods
TINNARUBR,SmallCap,
TIPSFILMS,SmallCap,
TIPSMUSIC,SmallCap,
TIRUMALCHM,SmallCap,
TIRUPATIFL,SmallCap,
TITAGARH,SmallCap,Capital Goods
TITAN,LargeCap,Consumer Durables
TMB,SmallCap,
TMCV,LargeCap,Capital Goods
TMPV,LargeCap,Automobile and Auto Components
TNPETRO,SmallCap,
TNPL,SmallCap,
TNTELE,SmallCap,
TOKYOPLAST,SmallCap,
TOLINS,SmallCap,
TORNTPHARM,LargeCap,Healthcare
TORNTPOWER,MidCap,Power
TOTAL,SmallCap,
TOUCHWOOD,SmallCap,
TPHQ,SmallCap,
TPLPLASTEH,SmallCap,
TRACXN,SmallCap,
TRANSPEK,SmallCap,
TRANSRAILL,SmallCap,
TRANSWORLD,SmallCap,
TRAVELFOOD,SmallCap,Consumer Services
TREEHOUSE,SmallCap,
TREJHARA,SmallCap,
TREL,SmallCap,
TRENT,LargeCap,Consumer Services
TRF,SmallCap,
TRIDENT,SmallCap,Textiles
TRIGYN,SmallCap,
TRITURBINE,SmallCap,Capital Goods
TRIVENI,SmallCap,
TRU,SmallCap,
TRUALT,SmallCap,
TSFINV,SmallCap,
TTKHLTCARE,SmallCap,
TTKPRESTIG,SmallCap,
TTL,SmallCap,
TTML,SmallCap,Telecommunication
TURTLEMINT,SmallCap,
TVSELECT,SmallCap,
TVSHLTD,SmallCap,
TVSMOTOR,LargeCap,Automobile and Auto Components
TVSSCS,SmallCap,
TVSSRICHAK,SmallCap,
TVTODAY,SmallCap,
TVVISION,SmallCap,
UBL,MidCap,Fast Moving Consumer Goods
UCAL,SmallCap,
UCOBANK,SmallCap,Financial Services
UDS,SmallCap,
UEL,SmallCap,
UFBL,SmallCap,
UFLEX,SmallCap,
UFO,SmallCap,
UGARSUGAR,SmallCap,
UGROCAP,SmallCap,
UJJIVANSFB,SmallCap,
ULTRACEMCO,LargeCap,Construction Materials
ULTRAMAR,SmallCap,
UMAEXPORTS,SmallCap,
UMESLTD,SmallCap,
UMIYA-MRO,SmallCap,
UNICHEMLAB,SmallCap,
UNIDT,SmallCap,
UNIECOM,SmallCap,
UNIENTER,SmallCap,
UNIINFO,SmallCap,
UNIMECH,SmallCap,
UNIONBANK,LargeCap,Financial Services
UNIPARTS,SmallCap,
UNITDSPR,LargeCap,Fast Moving Consumer Goods
UNITECH,SmallCap,
UNITEDPOLY,SmallCap,
UNITEDTEA,SmallCap,
UNIVAFOODS,SmallCap,
UNIVASTU,SmallCap,
UNIVCABLES,SmallCap,
UNIVPHOTO,SmallCap,
UNOMINDA,MidCap,Automobile and Auto Components
UPL,MidCap,Chemicals
URAVIDEF,SmallCap,
URBANCO,SmallCap,Consumer Services
URJA,SmallCap,
USHAMART,SmallCap,Capital Goods
USK,SmallCap,
UTIAMC,SmallCap,Financial Services
UTKARSHBNK,SmallCap,
UTLSOLAR,SmallCap,
UTTAMSUGAR,SmallCap,
UYFINCORP,SmallCap,
V2RETAIL,SmallCap,
VADILALIND,SmallCap,
VAIBHAVGBL,SmallCap,
VAISHALI,SmallCap,
VAKRANGEE,SmallCap,
VALIANTLAB,SmallCap,
VALIANTORG,SmallCap,
VAML,SmallCap,
VARDHACRLC,SmallCap,
VARDMNPOLY,SmallCap,
VARROC,SmallCap,
VASCONEQ,SmallCap,
VASWANI,SmallCap,
VBL,LargeCap,Fast Moving Consumer Goods
VCL,SmallCap,
VEDL,LargeCap,Metals & Mining
VEDPOWER,SmallCap,
VEEDOL,SmallCap,
VELJAN,SmallCap,
VENKEYS,SmallCap,
VENTIVE,SmallCap,
VENUSPIPES,SmallCap,
VENUSREM,SmallCap,
VERANDA,SmallCap,
VERTOZ,SmallCap,
VESUVIUS,SmallCap,
VETO,SmallCap,
VGL,SmallCap,
VGUARD,SmallCap,
VHL,SmallCap,
VHLTD,SmallCap,
VIDHIING,SmallCap,
VIDYAWIRES,SmallCap,
VIJAYA,SmallCap,Healthcare
VIJIFIN,SmallCap,
VIKASECO,SmallCap,
VIKASLIFE,SmallCap,
VIKRAMSOLR,SmallCap,
VIKRAN,SmallCap,
VIMTALABS,SmallCap,
VINATIORGA,SmallCap,
VINCOFE,SmallCap,
VINDHYATEL,SmallCap,
VINEETLAB,SmallCap,
VINNY,SmallCap,
VINYLINDIA,SmallCap,
VIPCLOTHNG,SmallCap,
VIPIND,SmallCap,
VIPULLTD,SmallCap,
VIRINCHI,SmallCap,
VISACHROME,SmallCap,
VISAKAIND,SmallCap,
VISHNU,SmallCap,
VISHWARAJ,SmallCap,
VISL,SmallCap,
VITAL,SmallCap,
VIVIANA,SmallCap,
VIVIDHA,SmallCap,
VIVIMEDLAB,SmallCap,
VIYASH,SmallCap,
VLEGOV,SmallCap,
VLSFINANCE,SmallCap,
VMART,SmallCap,
VMM,MidCap,Consumer Services
VMSTMT,SmallCap,
VOEPL,SmallCap,
VOGL,SmallCap,
VOLTAMP,SmallCap,
VOLTAS,MidCap,Consumer Durables
VPRPL,SmallCap,
VRAJ,SmallCap,
VRLLOG,SmallCap,
VSSL,SmallCap,
VSTIND,SmallCap,
VSTL,SmallCap,
VSTTILLERS,SmallCap,
VTL,SmallCap,Textiles
WAAREEENER,MidCap,Capital Goods
WAAREEINDO,SmallCap,
WAAREERTL,SmallCap,
WABAG,SmallCap,
WAKEFIT,SmallCap,
WALCHANNAG,SmallCap,
WANBURY,SmallCap,
WCIL,SmallCap,
WEALTH,SmallCap,
WEBELSOLAR,SmallCap,
WEIZMANIND,SmallCap,
WEL,SmallCap,
WELCORP,SmallCap,Capital Goods
WELENT,SmallCap,
WELINV,SmallCap,
WELSPLSOL,SmallCap,
WELSPUNLIV,SmallCap,Textiles
WENDT,SmallCap,
WESTLIFE,SmallCap,
WEWIN,SmallCap,
WEWORK,SmallCap,
WHEELS,SmallCap,
WHIRLPOOL,SmallCap,Consumer Durables
WILLAMAGOR,SmallCap,
WINDLAS,SmallCap,
WINDMACHIN,SmallCap,
WIPL,SmallCap,
WIPRO,LargeCap,Information Technology
WOCKPHARMA,SmallCap,Healthcare
WONDERLA,SmallCap,
WORTHPERI,SmallCap,
WPIL,SmallCap,
WSI,SmallCap,
WSTCSTPAPR,SmallCap,
XCHANGING,SmallCap,
XELPMOC,SmallCap,
XPROINDIA,SmallCap,
XTGLOBAL,SmallCap,
XTRANET,SmallCap,
YASHO,SmallCap,
YATHARTH,SmallCap,
YATRA,SmallCap,
YESBANK,MidCap,Financial Services
YUKEN,SmallCap,
ZAGGLE,SmallCap,
ZEEL,SmallCap,Media Entertainment & Publication
ZEELEARN,SmallCap,
ZEEMEDIA,SmallCap,
ZENITHEXPO,SmallCap,
ZENITHSTL,SmallCap,
ZENSARTECH,SmallCap,Information Technology
ZENTEC,SmallCap,Capital Goods
ZFCVINDIA,SmallCap,Automobile and Auto Components
ZFSTEERING,SmallCap,
ZIMLAB,SmallCap,
ZODIAC,SmallCap,
ZODIACLOTH,SmallCap,
ZOTA,SmallCap,
ZSARACOM,SmallCap,
ZUARI,SmallCap,
ZUARIIND,SmallCap,
ZYDUSLIFE,LargeCap,Healthcare
ZYDUSWELL,SmallCap,Fast Moving Consumer Goods
