SYMBOL, NAME OF COMPANY, SERIES, SERIES, PAID UP VALUE, MARKET LOT, ISIN NUMBER, FACE VALUE
AARTIIND,Aarti Industries Limited,EQ,08-Feb-95,5,1,INE769A01020,5
ABB,ABB India Limited,EQ,08-Feb-95,2,1,INE117A01022,2
AMJLAND,Amj Land Holdings Limited,EQ,08-Feb-95,2,1,INE606A01024,2
ARVIND,Arvind Limited,EQ,08-Feb-95,10,1,INE034A01011,10
BALRAMCHIN,Balrampur Chini Mills Limited,EQ,08-Feb-95,1,1,INE119A01028,1
CESC,CESC Limited,EQ,08-Feb-95,1,1,INE486A01021,1
CIPLA,Cipla Limited,EQ,08-Feb-95,2,1,INE059A01026,2
EIHOTEL,EIH Limited,EQ,08-Feb-95,2,1,INE230A01023,2
FEDERALBNK,The Federal Bank  Limited,EQ,08-Feb-95,2,1,INE171A01029,2
FINPIPE,Finolex Industries Limited,EQ,08-Feb-95,2,1,INE183A01024,2
FMGOETZE,Federal-Mogul Goetze (India) Limited.,EQ,08-Feb-95,10,1,INE529A01010,10
GIPCL,Gujarat Industries Power Company Limited,EQ,08-Feb-95,10,1,INE162A01010,10
GLFL,Gujarat Lease Financing Limited,EQ,08-Feb-95,10,1,INE540A01017,10
HARRMALAYA,Harrisons  Malayalam Limited,EQ,08-Feb-95,10,1,INE544A01019,10
HIMATSEIDE,Himatsingka Seide Limited,EQ,08-Feb-95,5,1,INE049A01027,5
INFY,Infosys Limited,EQ,08-Feb-95,5,1,INE009A01021,5
IPCALAB,IPCA Laboratories Limited,EQ,08-Feb-95,1,1,INE571A01038,1
KSB,Ksb Limited,EQ,08-Feb-95,2,1,INE999A01023,2
MAHSCOOTER,Maharashtra Scooters Limited,EQ,08-Feb-95,10,1,INE288A01013,10
MARALOVER,Maral Overseas Limited,EQ,08-Feb-95,10,1,INE882A01013,10
NAVNETEDUL,Navneet Education Limited,EQ,08-Feb-95,2,1,INE060A01024,2
SUNPHARMA,Sun Pharmaceutical Industries Limited,EQ,08-Feb-95,1,1,INE044A01036,1
VINDHYATEL,Vindhya Telelinks Limited,EQ,08-Feb-95,10,1,INE707A01012,10
WILLAMAGOR,Williamson Magor & Company Limited,EQ,08-Feb-95,10,1,INE210A01017,10
FINCABLES,Finolex Cables Limited,EQ,15-Feb-95,2,1,INE235A01022,2
JAYSREETEA,Jayshree Tea & Industries Limited,EQ,15-Feb-95,5,1,INE364A01020,5
CGPOWER,CG Power and Industrial Solutions Limited,EQ,01-Mar-95,2,1,INE067A01029,2
ESCORTS,Escorts Kubota Limited,EQ,01-Mar-95,10,1,INE042A01014,10
KEEPLEARN,DSJ Keep Learning Limited,EQ,01-Mar-95,1,1,INE055C01020,1
SBIN,State Bank of India,EQ,01-Mar-95,1,1,INE062A01020,1
BAJAJHLDNG,Bajaj Holdings & Investment Limited,EQ,15-Mar-95,10,1,INE118A01012,10
HEIDELBERG,HeidelbergCement India Limited,EQ,15-Mar-95,10,1,INE578A01017,10
CUMMINSIND,Cummins India Limited,EQ,29-Mar-95,2,1,INE298A01020,2
DHAMPURSUG,Dhampur Sugar Mills Limited,EQ,29-Mar-95,10,1,INE041A01016,10
GTL,GTL Limited,EQ,29-Mar-95,10,1,INE043A01012,10
IFBIND,IFB Industries Limited,EQ,29-Mar-95,10,1,INE559A01017,10
LMW,LMW Limited,EQ,29-Mar-95,10,1,INE269B01029,10
ORIENTPPR,Orient Paper & Industries Limited,EQ,29-Mar-95,1,1,INE592A01026,1
OSWALAGRO,Oswal Agro Mills Limited,EQ,29-Mar-95,10,1,INE142A01012,10
PCBL,PCBL Chemical Limited,EQ,29-Mar-95,1,1,INE602A01031,1
PIDILITIND,Pidilite Industries Limited,EQ,29-Mar-95,1,1,INE318A01026,1
RAJSREESUG,Rajshree Sugars & Chemicals Limited,EQ,29-Mar-95,10,1,INE562B01019,10
SESHAPAPER,Seshasayee Paper and Boards Limited,EQ,29-Mar-95,2,1,INE630A01024,2
STYRENIX,Styrenix Performance Materials Limited,EQ,29-Mar-95,10,1,INE189B01011,10
BIRLACORPN,Birla Corporation Limited,EQ,12-Apr-95,10,1,INE340A01012,10
DCMSHRIRAM,DCM Shriram Limited,EQ,12-Apr-95,2,1,INE499A01024,2
FACT,Fertilizers and Chemicals Travancore Limited,EQ,12-Apr-95,10,1,INE188A01015,10
TATACOMM,Tata Communications Limited,EQ,12-Apr-95,10,1,INE151A01013,10
VOLTAS,Voltas Limited,EQ,12-Apr-95,1,1,INE226A01021,1
ZUARIIND,ZUARI INDUSTRIES LIMITED,EQ,12-Apr-95,10,1,INE217A01012,10
BIRLANU,BirlaNu Limited,EQ,26-Apr-95,10,1,INE557A01011,10
BOMDYEING,Bombay Dyeing & Mfg Company Limited,EQ,26-Apr-95,2,1,INE032A01023,2
IFCI,IFCI Limited,EQ,26-Apr-95,10,1,INE039A01010,10
SHREECEM,SHREE CEMENT LIMITED,EQ,26-Apr-95,10,1,INE070A01015,10
21STCENMGM,21st Century Management Services Limited,EQ,03-May-95,10,1,INE253B01015,10
ADOR,Ador Welding Limited,EQ,10-May-95,10,1,INE045A01017,10
BAJAJHIND,Bajaj Hindusthan Sugar Limited,EQ,10-May-95,1,1,INE306A01021,1
CANFINHOME,Can Fin Homes Limited,EQ,10-May-95,2,1,INE477A01020,2
CENTENKA,Century Enka Limited,EQ,10-May-95,10,1,INE485A01015,10
EIDPARRY,EID Parry India Limited,EQ,10-May-95,1,1,INE126A01031,1
GRASIM,Grasim Industries Limited,EQ,10-May-95,2,1,INE047A01021,2
HEG,HEG Limited,EQ,10-May-95,2,1,INE545A01024,2
JAYNECOIND,Jayaswal Neco Industries Limited,EQ,10-May-95,10,1,INE854B01010,10
MASTEK,Mastek Limited,EQ,10-May-95,5,1,INE759A01021,5
PRAKASH,Prakash Industries Limited,EQ,10-May-95,10,1,INE603A01013,10
SURYAROSNI,Surya Roshni Limited,EQ,10-May-95,5,1,INE335A01020,5
WEIZMANIND,Weizmann Limited,EQ,10-May-95,10,1,INE080A01014,10
BASF,BASF India Limited,EQ,17-May-95,10,1,INE373A01013,10
GNFC,Gujarat Narmada Valley Fertilizers and Chemicals Limited,EQ,17-May-95,10,1,INE113A01013,10
UNIVCABLES,Universal Cables Limited,EQ,17-May-95,10,1,INE279A01012,10
ASHOKLEY,Ashok Leyland Limited,EQ,25-May-95,1,1,INE208A01029,1
COSMOFIRST,COSMO FIRST LIMITED,EQ,25-May-95,10,1,INE757A01017,10
DCW,DCW Limited,EQ,25-May-95,2,1,INE500A01029,2
GFLLIMITED,GFL Limited,EQ,25-May-95,1,1,INE538A01037,1
SUDARSCHEM,Sudarshan Chemical Industries Limited,EQ,25-May-95,2,1,INE659A01023,2
VLSFINANCE,VLS Finance Limited,EQ,25-May-95,10,1,INE709A01018,10
APOLLOTYRE,Apollo Tyres Limited,EQ,31-May-95,1,1,INE438A01022,1
ASIANPAINT,Asian Paints Limited,EQ,31-May-95,1,1,INE021A01026,1
COROMANDEL,Coromandel International Limited,EQ,31-May-95,1,1,INE169A01031,1
BPL,BPL Limited,EQ,14-Jun-95,10,1,INE110A01019,10
CHAMBLFERT,Chambal Fertilizers & Chemicals Limited,EQ,14-Jun-95,10,1,INE085A01013,10
SUDARCOLOR,Sudarshan Colorants India Limited,EQ,14-Jun-95,10,1,INE492A01029,10
CRISIL,Crisil Limited,EQ,28-Jun-95,1,1,INE007A01025,1
SEAMECLTD,Seamec Limited,EQ,28-Jun-95,10,1,INE497B01018,10
SOTL,Savita Oil Technologies Limited,EQ,28-Jun-95,2,1,INE035D01020,2
BALMLAWRIE,Balmer Lawrie & Company Limited,EQ,06-Jul-95,10,1,INE164A01016,10
HINDUNILVR,Hindustan Unilever Limited,EQ,06-Jul-95,1,1,INE030A01027,1
SAIL,Steel Authority of India Limited,EQ,06-Jul-95,10,1,INE114A01011,10
BANARBEADS,Banaras Beads Limited,EQ,07-Jul-95,10,1,INE655B01011,10
NKIND,NK Industries Limited,EQ,07-Jul-95,10,1,INE542C01019,10
3PLAND,3P Land Holdings Limited,EQ,19-Jul-95,2,1,INE105C01023,2
HLVLTD,HLV LIMITED,EQ,19-Jul-95,2,1,INE102A01024,2
JYOTISTRUC,Jyoti Structures Limited,EQ,19-Jul-95,2,1,INE197A01024,2
ONGC,Oil & Natural Gas Corporation Limited,EQ,19-Jul-95,5,1,INE213A01029,5
SUPREMEIND,Supreme Industries Limited,EQ,19-Jul-95,2,1,INE195A01028,2
ASHIMASYN,Ashima Limited,EQ,27-Jul-95,10,1,INE440A01010,10
BSL,BSL Limited,EQ,27-Jul-95,10,1,INE594B01012,10
TAINWALCHM,Tainwala Chemical and Plastic (I) Limited,EQ,27-Jul-95,10,1,INE123C01018,10
GMBREW,GM Breweries Limited,EQ,23-Aug-95,10,1,INE075D01018,10
ITC,ITC Limited,EQ,23-Aug-95,1,1,INE154A01025,1