,signal_date,entry_date,exit_date,days_held,outcome,exit_route,route_reason,trade_type,signal_close,limit_price,entry_price,target_price,stop_price,exit_price,gross_return_%,net_return_%,hit_target,partial_taken,peak_gain_%,pct_vs_sma200,pct_vs_sma20,rsi14,roc10,atr_pct,vol_ratio,macd_hist,adx14,bb_pctB,dist_52wH,obv_slope10,fill_edge_%,init_stop_price,partial_at_%,partials_taken_n,remaining_frac,days_since_high
20,2024-01-29,2024-01-30,2024-02-28,21,STOP,trailing,trending,UPTREND,47.89,47.65,47.65,54.8,44.18,44.18,-7.27,-7.47,true,false,34.86,29.52,4.66,60.72,3.81,5.78,0.8,-0.02,28.18,82.04,-6.67,85091,0.5,42.88,,0,1,16
64,2022-04-28,2022-04-29,2022-05-16,10,STOP,trailing,trending,UPTREND,55.71,55.43,55.43,63.74,50.23,49.6,-10.52,-10.72,true,false,34.18,173.42,69.61,88.35,62.39,6.58,1.28,2.33,43.65,112.23,0,5157771,0.5,49.89,,0,1,5
65,2022-04-26,2022-04-27,2022-05-16,12,TARGET,trailing,trending,UPTREND,46.08,45.85,45.85,52.73,50.23,49.6,8.18,6.6656,true,false,62.21,130.48,54.88,83.49,49.45,6.91,4.56,1.22,38.59,113.1,0,4285483,0.5,41.26,,0,1,5
66,2022-04-22,2022-04-25,2022-05-16,14,TARGET,trailing,trending,UPTREND,32.45,32.28,30.59,35.18,50.23,49.6,62.14,51.7377,true,false,143.13,64.7,16.07,66.25,30.97,7.45,0.56,0.44,35.08,73.09,-12.29,3354861,6.07,27.53,,0,1,5
68,2022-04-11,2022-04-12,2022-05-16,21,TARGET,trailing,trending,UPTREND,33.96,33.79,33.79,38.86,50.23,49.6,46.78,38.9077,true,false,120.09,78.73,38.17,81.78,51.75,6.71,5.83,1.05,25.39,124.42,-8.19,3542928,0.5,30.41,,0,1,5
72,2022-03-11,2022-03-14,2022-04-28,30,TARGET,trailing,trending,UPTREND,23.65,23.53,23.53,27.06,29.88,55.71,136.74,114.0502,true,false,136.74,32.03,11.35,57.62,24.11,7.42,1.2,0.46,29.06,90.66,-28.72,303453,0.5,21.18,,0,1,0
75,2021-12-14,2021-12-15,2021-12-24,7,STOP,trailing,trending,UPTREND,26.16,26.03,26.03,29.94,23.43,23.36,-10.27,-10.47,true,false,27.44,81.78,50.65,84.63,66.46,5.54,2.7,0.96,25.5,129.39,0,2091332,0.5,23.43,,0,1,4
116,2019-05-02,2019-05-03,2019-06-17,30,TARGET,trailing,trending,UPTREND,68.19,67.85,64.8,74.52,74.6,82.12,26.72,22.6418,true,false,31.19,51.06,0.51,56.42,0.71,6.01,0.1,-0.57,20.02,56.44,-10.31,117146,5.22,61.56,,0,1,1
0,2026-06-19,2026-06-22,2026-07-06,10,STOP,fixed,chop:adx=18|sma200_flat|dist=-13.4,DOWNTREND,31.58,31.42,31.42,33.31,28.77,28.77,-8.43,-8.63,false,false,7.89,-13.35,0.64,53.62,2.2,4.41,0.51,0.09,18.18,53.68,-33.47,60788,0.5,28.77,,0,1,0
1,2026-05-26,2026-05-27,2026-06-01,3,STOP,fixed,chop:sma200_flat|dist=-6.9,DOWNTREND,34.69,34.52,34.52,36.59,31.06,31.06,-10,-10.2,false,false,3.72,-6.87,11.5,66.61,13.55,5.19,12.65,0.21,28.76,127.46,-26.92,390501,0.5,31.06,,0,1,0
2,2026-04-09,2026-04-10,2026-05-04,15,STOP,fixed,chop:sma200_flat|dist=-12.3,DOWNTREND,33.28,33.11,33.11,35.1,29.8,29.8,-10,-10.2,false,false,2.31,-12.34,8.11,56.23,8.19,6.72,1.14,0.59,40.34,75.03,-29.89,5448,0.5,29.8,,0,1,0
3,2025-12-23,2025-12-24,2026-01-20,17,STOP,fixed,chop:dist=8.7|vol_self,UPTREND,40.02,39.82,39.82,45.79,35.84,35.84,-10,-10.2,false,false,0.5,8.73,4.11,55.16,12.51,4.41,1.34,0.31,23.89,84.05,-15.69,49677,0.5,35.84,,0,1,0
4,2025-10-27,2025-10-28,2025-11-25,19,STOP,fixed,chop:adx=10|vol_self,UPTREND,42.02,41.81,41.3,47.49,38.63,38.63,-6.47,-6.67,false,false,3.49,16.95,0.26,52.53,0.1,4.98,0.53,-0.06,10.47,52.28,-11.48,4897,1.74,38.63,,0,1,0
5,2025-09-23,2025-09-24,2025-10-14,13,STOP,fixed,chop:adx=18|vol_self,UPTREND,45.21,44.98,44.98,51.73,40.49,40.49,-10,-10.2,false,false,5.53,26.34,9.22,67.08,10.3,4.7,1.72,0.26,17.78,99.17,-10.11,36186,0.5,40.49,,0,1,0
6,2025-08-22,2025-08-25,2025-09-05,8,STOP,fixed,chop:sma200_flat,UPTREND,44.02,43.8,43.8,50.37,39.42,39.42,-10,-10.2,false,false,4.88,23.14,10.68,64.31,12.12,5.51,1.69,0.33,25,80.31,-12.48,234053,0.5,39.42,,0,1,0
7,2025-07-29,2025-07-30,2025-08-11,8,STOP,fixed,chop:sma200_flat|dist=13.8,UPTREND,41.07,40.86,40.77,46.89,36.7,36.7,-10,-10.2,false,false,3.07,13.83,13.26,73.58,12.9,4.64,2.08,0.55,22.34,114.17,-18.34,1581519,0.72,36.7,,0,1,0
8,2025-07-28,2025-07-29,2025-07-31,2,TARGET,fixed,chop:sma200_flat|dist=10.8,UPTREND,39.98,39.78,39.78,45.75,35.8,45.75,15,14.8,false,false,5.61,10.76,11.17,70.64,15.7,4.58,2.73,0.41,20.06,116.79,-20.5,1359649,0.5,35.8,,0,1,0
9,2025-07-25,2025-07-28,2025-07-31,3,TARGET,fixed,chop:adx=18|sma200_flat|dist=10.8,UPTREND,40.02,39.82,39.82,45.79,35.84,45.79,15,14.8,false,false,5.88,10.8,12.01,70.91,14.83,4.37,13.1,0.25,17.52,141.36,-20.42,1713139,0.5,35.84,,0,1,0
10,2025-04-16,2025-04-17,2025-04-30,8,STOP,fixed,chop:adx=19|sma200_flat|dist=-16.3,DOWNTREND,33.27,33.1,33.1,35.09,29.79,29.79,-10,-10.2,false,false,5.05,-16.32,12.67,63.17,18.9,6.93,8.78,0.58,19.49,120.26,-35.83,569570,0.5,29.79,,0,1,0
11,2025-01-30,2025-01-31,2025-02-12,9,STOP,fixed,chop:sma200_flat|dist=-8.4|vol_self,DOWNTREND,39.12,38.93,38.93,41.26,35.03,35.03,-10,-10.2,false,false,9.49,-8.42,5.04,55.32,2.67,5.79,9.08,-0.03,25.6,71.31,-39.12,386199,0.5,35.03,,0,1,0
12,2024-10-01,2024-10-03,2024-10-04,1,TARGET,fixed,chop:adx=8|dist=-0.5|vol_self,DOWNTREND,43.92,43.7,43,45.58,40.51,45.58,6,5.8,false,false,3.41,-0.51,1.66,53.2,2.25,4.06,1.96,0.12,8.39,77.43,-31.65,-65427,2.14,40.51,,0,1,0
13,2024-07-30,2024-07-31,2024-08-05,3,STOP,fixed,chop:dist=12.1|vol_self,UPTREND,47.78,47.54,47.54,54.67,42.79,42.79,-10,-10.2,false,false,1.24,12.1,2.8,58.2,3.19,5.07,1.7,-0.06,23.66,76.84,-25.64,352165,0.5,42.79,,0,1,0
14,2024-06-20,2024-06-21,2024-07-22,20,STOP,fixed,chop:adx=14,UPTREND,48.78,48.53,48.53,55.81,43.68,43.29,-10.79,-10.99,false,false,3.5,17.83,11.92,68.72,21.14,5.21,6.83,0.57,13.94,114.69,-24.09,2147586,0.5,43.68,,0,1,0
15,2024-06-13,2024-06-14,2024-06-20,3,TARGET,fixed,chop:adx=10|dist=8.6,UPTREND,44.71,44.49,44.49,51.16,40.04,51.16,15,14.8,false,false,1.71,8.65,4.02,56.96,3.62,5.29,1,0.29,10.45,82.62,-30.42,483548,0.5,40.04,,0,1,0
16,2024-06-10,2024-06-11,2024-06-20,6,TARGET,fixed,chop:adx=11|dist=8.4,UPTREND,44.42,44.2,44.2,50.83,39.78,50.83,15,14.8,false,false,3.27,8.37,4.28,56.14,2.25,5.65,2.35,0.12,11.27,86.39,-30.87,344461,0.5,39.78,,0,1,0
17,2024-05-24,2024-05-27,2024-06-04,6,STOP,fixed,chop:adx=12|dist=8.7,UPTREND,44.03,43.81,43.1,49.56,39.48,39.48,-8.4,-8.6,false,false,2.61,8.73,2.28,54.87,8.42,4.94,2.98,0.11,11.69,69.29,-31.48,397225,2.15,39.48,,0,1,0
18,2024-04-23,2024-04-24,2024-05-08,9,STOP,trailing,trending,UPTREND,46.57,46.34,46.34,53.29,41.7,41.7,-10,-10.2,false,false,4.51,17.93,10.29,58.81,0.85,6.69,2.64,0.33,20.1,80.28,-27.53,266312,0.5,41.7,,0,1,8
19,2024-04-03,2024-04-04,2024-04-12,5,STOP,trailing,trending,UPTREND,48.52,48.28,48.28,55.52,43.45,43.45,-10,-10.2,false,false,10.93,24.55,21.33,64.25,24.59,6.74,7.87,0.94,28.87,119.33,-24.49,1050847,0.5,43.45,,0,1,4
21,2024-01-01,2024-01-02,2024-01-16,10,STOP,fixed,chop:vol_self,UPTREND,48.47,48.23,48.23,55.47,43.41,43.41,-10,-10.2,false,false,6.38,35.62,21.62,78.08,17.81,5.45,5.24,0.62,24.13,130.72,-4.34,3665290,0.5,43.41,,0,1,0
22,2023-12-28,2023-12-29,2024-01-01,1,TARGET,fixed,chop:adx=20|dist=11.0|vol_self,UPTREND,39.53,39.33,39.33,45.23,35.68,45.23,15,13.9887,false,false,19.01,11,1.31,55.46,-3.8,4.89,1.23,-0.21,19.73,59.36,-16.94,601148,0.5,35.68,,0,1,0
23,2023-12-12,2023-12-13,2023-12-21,6,STOP,fixed,chop:sma200_flat|dist=14.6|vol_self,UPTREND,40.41,40.21,40.21,46.24,36.19,36.19,-10,-10.2,false,false,4.27,14.6,6.7,65.89,5.62,4.36,2.35,0.24,22.26,96.88,-28.89,744288,0.5,36.19,,0,1,0
24,2023-12-06,2023-12-07,2023-12-29,15,TARGET,fixed,chop:adx=19|sma200_flat|dist=8.8|vol_self,UPTREND,38.31,38.12,38.12,43.84,35.74,43.84,15,13.9887,false,false,2.55,8.79,3.25,57.43,3.29,4.36,2.06,0.03,18.68,73.3,-32.59,123780,0.5,35.74,,0,1,0
25,2023-11-28,2023-11-29,2023-12-29,21,TARGET,fixed,chop:sma200_flat|dist=8.7|vol_self,UPTREND,38.26,38.07,37.68,43.33,34.7,43.33,15,13.9887,false,false,2.08,8.69,6.44,58.86,4.96,4.54,1,0.42,21.97,79.76,-32.67,392064,1.56,34.7,,0,1,0
26,2023-11-24,2023-11-28,2023-12-29,22,TARGET,fixed,chop:sma200_flat|dist=11.0|vol_self,UPTREND,39.09,38.9,38.9,44.73,35.01,44.73,15,13.9887,false,false,2.26,11.04,9.36,64.18,11.42,4.44,1.26,0.49,21.62,94.04,-31.21,646937,0.5,35.01,,0,1,0
27,2023-11-22,2023-11-23,2023-12-29,24,TARGET,fixed,chop:adx=19|sma200_flat|dist=12.1|vol_self,UPTREND,39.48,39.29,39.29,45.18,35.36,45.18,15,13.9887,false,false,2,12.15,12.13,67.23,11.29,4.7,4.58,0.43,18.9,115.3,-30.52,630923,0.5,35.36,,0,1,0
28,2023-10-16,2023-10-17,2023-10-23,4,STOP,fixed,chop:adx=18|sma200_flat|dist=8.4|vol_self,UPTREND,38.9,38.7,38.7,44.51,34.83,34.83,-10,-10.2,false,false,2.27,8.41,5.72,60.18,8.15,4.59,3.3,0.08,17.6,110.27,-31.56,300528,0.5,34.83,,0,1,0
29,2023-09-06,2023-09-07,2023-09-11,2,STOP,fixed,chop:sma200_flat|vol_self,UPTREND,42.71,42.49,42.49,48.87,38.25,38.25,-10,-10.2,false,false,3.03,17.93,20.3,79.96,23.62,4.56,3.36,0.86,36.19,109.91,-24.85,2032618,0.5,38.25,,0,1,0
30,2023-08-30,2023-08-31,2023-09-06,4,TARGET,fixed,chop:sma200_flat|dist=8.7|vol_self,UPTREND,39.29,39.09,39.09,44.95,35.18,44.95,15,13.9887,false,false,1.88,8.69,15.73,81.67,17.54,3.45,9.55,0.44,23.04,149.1,-30.87,1460217,0.5,35.18,,0,1,0
31,2023-08-22,2023-08-23,2023-08-30,5,TARGET,fixed,chop:sma200_flat|dist=-4.7|vol_self,DOWNTREND,34.55,34.37,34.37,36.44,32.48,36.44,6,5.482,false,false,2.07,-4.68,3.34,61.52,2.76,2.99,4.55,0.11,25.56,114.93,-39.21,91974,0.5,32.48,,0,1,0
32,2023-06-06,2023-06-07,2023-07-10,22,STOP,fixed,chop:dist=-0.1|vol_self,DOWNTREND,36.84,36.66,36.66,38.86,32.99,32.99,-10,-10.2,false,false,2.1,-0.13,4.66,59.94,8.02,4.14,6,0.06,28.7,83.33,-35.17,394212,0.5,32.99,,0,1,0
33,2023-04-12,2023-04-13,2023-04-25,7,STOP,fixed,chop:adx=16|sma200_flat|dist=12.6|vol_self,UPTREND,40.66,40.45,40.12,46.14,36.11,36.11,-10,-10.2,false,false,0.12,12.56,25.13,72.36,29.19,5.04,6.52,0.89,16.36,140.63,-45.34,913110,1.34,36.11,,0,1,0
34,2023-03-03,2023-03-06,2023-03-28,15,STOP,fixed,chop:adx=19|sma200_flat|dist=-6.9,DOWNTREND,33.96,33.79,33.79,35.82,30.41,30.35,-10.2,-10.4,false,false,3.68,-6.85,-2.72,43.14,-6.46,5.31,1.58,0.05,19.34,39.97,-54.34,7496,0.5,30.41,,0,1,0
35,2022-12-28,2022-12-29,2023-01-24,18,STOP,fixed,chop:vol_self,UPTREND,42.95,42.74,42.74,49.15,38.46,38.46,-10.02,-10.22,false,false,5.42,18.33,5.17,54.69,15.66,7.39,0.66,-0.24,22.89,61.68,-42.25,2418096,0.5,38.46,,0,1,0
36,2022-12-19,2022-12-20,2022-12-21,1,STOP,fixed,chop:vol_self,UPTREND,53.61,53.34,53.34,61.34,48,45.54,-14.61,-14.81,false,false,4.35,50.74,35.73,85.91,36.95,5.3,5.75,1.33,28.35,133.63,-27.92,3066077,0.5,48,,0,1,0
37,2022-12-07,2022-12-08,2022-12-12,2,STOP,fixed,chop:dist=11.8|vol_self,UPTREND,38.85,38.65,38.65,44.45,36.29,36.29,-6.12,-6.32,false,false,3.28,11.8,2.83,59.16,4.74,4.2,0.76,0.13,24.99,74.73,-47.77,263807,0.5,36.29,,0,1,0
38,2022-12-06,2022-12-07,2022-12-16,7,TARGET,fixed,chop:dist=12.8|vol_self,UPTREND,39.09,38.9,38.9,44.73,35.69,44.73,15,12.3623,false,false,1.76,12.77,3.49,61.54,7.1,4.29,1.21,0.18,24.33,80.77,-47.44,407954,0.5,35.69,,0,1,0
39,2022-12-05,2022-12-06,2022-12-16,8,TARGET,fixed,chop:dist=13.2|vol_self,UPTREND,39.14,38.95,38.95,44.79,35.69,44.79,15,12.3623,false,false,3.14,13.21,3.7,62.01,5.67,4.33,0.97,0.2,23.44,83.54,-47.37,451549,0.5,35.69,,0,1,0
40,2022-12-02,2022-12-05,2022-12-16,9,TARGET,fixed,chop:dist=13.6|vol_self,UPTREND,39.19,38.99,38.99,44.84,35.68,44.84,15,12.3623,false,false,2.63,13.63,3.94,62.45,7.36,4.4,1.31,0.21,22.56,87.12,-47.31,580707,0.5,35.68,,0,1,0
41,2022-12-01,2022-12-02,2022-12-16,10,TARGET,fixed,chop:dist=13.8|vol_self,UPTREND,39.14,38.95,38.95,44.79,35.52,44.79,15,12.3623,false,false,1.38,13.76,4.01,62.2,8.83,4.51,0.97,0.2,21.93,90.26,-47.37,541649,0.5,35.52,,0,1,0
42,2022-11-29,2022-11-30,2022-12-15,11,TARGET,fixed,chop:adx=19|dist=12.7|vol_self,UPTREND,38.6,38.41,38.41,44.17,34.91,44.17,15,12.3623,false,false,2.67,12.74,3.19,59.6,4.08,4.81,0.94,0.12,19.41,79.84,-48.09,282746,0.5,34.91,,0,1,0
43,2022-11-28,2022-11-29,2022-12-15,12,TARGET,fixed,chop:adx=18|dist=12.3|vol_self,UPTREND,38.36,38.17,38.17,43.89,34.91,43.89,15,12.3623,false,false,3.7,12.28,3.08,58.42,2.48,4.93,1.33,0.06,18.17,75.38,-48.42,150273,0.5,34.91,,0,1,0
44,2022-11-21,2022-11-22,2022-12-15,17,TARGET,fixed,chop:adx=15|dist=9.5|vol_self,UPTREND,37.04,36.85,36.85,42.38,34.89,42.38,15,12.3623,false,false,3.02,9.52,0.56,51.64,-3.44,5.25,0.94,-0.11,14.82,54.04,-50.2,64418,0.5,34.89,,0,1,0
45,2022-11-16,2022-11-17,2022-12-15,20,TARGET,fixed,chop:adx=15|dist=8.0|vol_self,UPTREND,36.31,36.13,35.38,40.69,34.77,40.69,15,12.3623,false,false,3.18,8.01,-1.72,47.41,3.48,5.63,0.68,-0.02,14.86,37.69,-51.18,131325,2.62,34.77,,0,1,0
46,2022-11-15,2022-11-16,2022-12-15,21,TARGET,fixed,chop:adx=15|dist=10.6|vol_self,UPTREND,37.09,36.9,36.9,42.44,34.17,42.44,15,12.3623,false,false,2.36,10.57,0.66,51.31,6.9,5.61,0.86,0.1,14.83,54.31,-50.13,218973,0.5,34.17,,0,1,0
47,2022-11-14,2022-11-15,2022-12-15,22,TARGET,fixed,chop:adx=15|dist=11.8|vol_self,UPTREND,37.43,37.24,37.24,42.83,33.52,42.83,15,12.3623,false,false,2.34,11.81,1.97,53.08,8.19,5.6,1.18,0.18,14.76,61.95,-49.67,328983,0.5,33.52,,0,1,0
48,2022-11-11,2022-11-14,2022-12-15,23,TARGET,fixed,chop:adx=15|dist=13.8|vol_self,UPTREND,38.02,37.83,37.83,43.5,34.04,43.5,15,12.3623,false,false,5.93,13.8,4.11,56.17,6.28,5.19,1.15,0.26,14.61,72.72,-48.88,335742,0.5,34.04,,0,1,0
49,2022-11-10,2022-11-11,2022-12-15,24,TARGET,fixed,chop:adx=15|dist=13.2|vol_self,UPTREND,37.72,37.54,37.54,43.17,33.78,43.17,15,12.3623,false,false,4.15,13.17,3.82,54.95,3.76,5.14,0.78,0.31,14.98,70.7,-49.28,218282,0.5,33.78,,0,1,0
50,2022-11-09,2022-11-10,2022-12-16,26,TARGET,fixed,chop:adx=15|vol_self,UPTREND,38.7,38.51,38.51,44.28,34.66,44.28,15,12.3623,false,false,1.52,16.34,6.83,60.12,6.17,5.04,1.29,0.38,14.9,87.46,-47.96,228316,0.5,34.66,,0,1,0
51,2022-11-04,2022-11-07,2022-12-15,27,TARGET,fixed,chop:adx=14|vol_self,UPTREND,38.36,38.17,37.19,42.76,33.47,42.76,15,12.3623,false,false,5.12,15.81,6.79,58.9,4.95,4.97,1.44,0.32,13.96,92.23,-48.42,40812,3.15,33.47,,0,1,0
52,2022-10-11,2022-10-12,2022-10-28,11,STOP,fixed,chop:adx=11|dist=10.5|vol_self,UPTREND,35.52,35.35,35.35,40.65,32.84,32.84,-7.09,-7.29,false,false,0.5,10.54,-3.02,46.1,2.68,5.44,0.47,-0.18,11.25,34.78,-52.23,63324,0.5,32.84,,0,1,0
53,2022-09-05,2022-09-06,2022-09-08,2,STOP,fixed,chop:adx=15|vol_self,UPTREND,44.96,44.73,44.73,51.44,40.26,40.07,-10.42,-10.62,false,false,5.53,50.19,27.38,75.03,34.5,5.49,0.83,1.04,14.7,121.69,-39.55,939579,0.5,40.26,,0,1,0
54,2022-08-25,2022-08-26,2022-09-01,3,TARGET,fixed,chop:adx=9|vol_self,UPTREND,34.01,33.84,33.84,38.92,31.72,38.92,15,12.3623,false,false,2.38,16.1,2.46,52.79,-0.14,6.81,0.53,0.09,9.28,59.8,-54.27,209010,0.5,31.72,,0,1,0
55,2022-08-24,2022-08-25,2022-09-02,5,TARGET,fixed,chop:adx=10|vol_self,UPTREND,34.35,34.18,34.18,39.31,30.83,42.02,22.95,19.0028,false,false,3.79,17.6,4.24,54.22,8.82,6.87,1.03,0.16,9.94,65.52,-53.81,452450,0.5,30.83,,0,1,0
56,2022-08-23,2022-08-24,2022-09-02,6,TARGET,fixed,chop:adx=11|vol_self,UPTREND,34.79,34.62,34.62,39.81,31.16,42.02,21.39,17.6998,false,false,5.58,19.47,6.32,56.04,5.95,6.36,0.42,0.22,10.64,72.14,-53.22,342087,0.5,31.16,,0,1,0
57,2022-08-19,2022-08-22,2022-09-01,7,TARGET,fixed,chop:adx=10|vol_self,UPTREND,33.42,33.26,33.26,38.25,29.93,38.25,15,12.3623,false,false,8,15.45,3.29,51.48,3.64,6.45,1.09,0.33,10.24,61.45,-55.06,173573,0.5,29.93,,0,1,0
58,2022-08-18,2022-08-19,2022-09-02,9,TARGET,fixed,chop:adx=10|vol_self,UPTREND,35.18,35.01,35.01,40.26,31.51,42.02,20.04,16.5721,false,false,1.9,21.93,9.2,58.41,3.75,5.89,0.75,0.51,9.86,81.62,-52.69,85397,0.5,31.51,,0,1,0
59,2022-08-16,2022-08-17,2022-09-02,11,TARGET,fixed,chop:adx=11|vol_self,UPTREND,35.43,35.25,35.25,40.54,31.73,42.02,19.22,15.8872,false,false,3.83,23.62,11.3,60.22,15.08,5.88,1.11,0.65,11.25,91.12,-52.37,279076,0.5,31.73,,0,1,0
60,2022-08-12,2022-08-16,2022-09-02,12,TARGET,fixed,chop:adx=12|vol_self,UPTREND,35.13,34.96,34.96,40.2,31.46,42.02,20.21,16.7141,false,false,4.84,23.02,11.27,59.4,19.83,5.96,1.05,0.66,11.94,93.67,-52.76,254940,0.5,31.46,,0,1,0
61,2022-08-02,2022-08-03,2022-08-08,3,STOP,fixed,chop:adx=14|vol_self,UPTREND,33.91,33.74,33.74,38.8,30.37,30.37,-10,-10.2,false,false,2.96,21.3,9.65,59.05,9.46,4.58,2.1,0.49,14.47,108.7,-54.4,183341,0.5,30.37,,0,1,0
62,2022-07-19,2022-07-20,2022-07-26,4,STOP,fixed,chop:adx=10|dist=13.7,UPTREND,30.98,30.83,30.83,35.45,29.02,29.02,-5.86,-6.06,false,false,2.25,13.66,-3.12,41.36,-1.4,5.75,0.4,0.16,10.22,28.83,-58.34,10944,0.5,29.02,,0,1,0
63,2022-06-21,2022-06-22,2022-06-24,2,STOP,trailing,trending,UPTREND,37.43,37.24,37.24,42.83,33.52,32.5,-12.75,-12.95,false,false,5.49,46.51,8.46,51.61,8.81,6.07,0.22,0.6,20.49,79.42,-49.67,47800,0.5,33.52,,0,1,1
67,2022-04-12,2022-04-13,2022-04-18,1,STOP,trailing,trending,UPTREND,34.3,34.13,34.13,39.25,30.72,30.72,-10,-10.2,false,false,5.37,79.56,36.44,82.2,54.97,6.97,1.97,1.21,28.65,110.24,-7.27,4071061,0.5,30.72,,0,1,0
69,2022-04-07,2022-04-08,2022-04-11,1,TARGET,fixed,chop:adx=19,UPTREND,29.71,29.56,29.32,33.72,26.39,33.72,15,12.3623,false,false,13.33,57.92,25.08,75.21,20.63,6.13,6.72,0.47,18.72,142.96,-10.45,1097629,1.33,26.39,,0,1,0
70,2022-04-05,2022-04-06,2022-04-07,1,TARGET,fixed,chop:adx=16|vol_self,UPTREND,24.09,23.97,23.5,27.03,21.45,27.03,15,12.3623,false,false,6.44,28.96,3.99,57.6,3.14,6.59,0.89,0.04,16.05,73.28,-27.39,399988,2.49,21.45,,0,1,0
71,2022-03-14,2022-03-15,2022-03-28,8,STOP,trailing,trending,UPTREND,23.07,22.95,22.95,26.4,21.95,21.95,-4.37,-4.57,false,false,10.49,28.43,8.41,55.04,14.11,7.56,0.58,0.46,27.6,79.38,-30.47,178980,0.5,20.66,,0,1,2
73,2022-02-23,2022-02-24,2022-03-07,6,STOP,trailing,trending,UPTREND,21.13,21.03,19.92,22.91,18.64,18.64,-6.43,-6.63,false,false,7.52,21.08,-5.83,43.26,-5.82,7.75,8.1,-0.22,23.45,21.36,-36.3,536347,6.07,17.93,,0,1,1
74,2022-01-31,2022-02-01,2022-02-14,9,STOP,fixed,chop:adx=16,UPTREND,24.13,24.01,24.01,27.61,21.61,21.61,-10,-10.2,false,false,2.72,46.21,1.36,53.76,-0.4,5.66,0.69,-0.19,16.12,59.28,-27.26,44838,0.5,21.61,,0,1,0
76,2021-12-07,2021-12-08,2021-12-10,2,TARGET,fixed,chop:adx=16|dist=14.1,UPTREND,16.2,16.12,16.12,18.54,15.01,18.54,15,13.5136,false,false,2.6,14.1,-1.34,49,-1.76,6.67,0.31,-0.05,15.54,39.45,-20.24,78215,0.5,15.01,,0,1,0
77,2021-11-25,2021-11-26,2021-11-29,1,STOP,fixed,chop:adx=18,UPTREND,16.59,16.51,15.96,18.35,15.34,15.34,-3.88,-4.08,false,false,5.76,17.77,0.44,51.02,2.08,7.93,0.54,-0.05,17.68,52.16,-18.33,433103,3.94,15.34,,0,1,0
78,2021-10-07,2021-10-08,2021-10-14,4,STOP,fixed,chop:adx=12,UPTREND,17.85,17.76,17.76,20.42,15.98,15.98,-10,-10.2,false,false,7.86,29.57,17.18,68.31,18.27,6.16,5.44,0.18,11.6,137.36,-12.14,459044,0.5,15.98,,0,1,0
79,2021-10-04,2021-10-05,2021-10-07,2,TARGET,fixed,chop:adx=9|dist=11.7,UPTREND,15.43,15.35,15.09,17.35,13.82,17.35,15,13.5136,false,false,3.53,11.72,3.02,53.24,8.14,6.47,1.1,0.04,9.34,72.2,-24.05,273156,2.24,13.82,,0,1,0
80,2021-09-27,2021-09-28,2021-10-07,7,TARGET,fixed,chop:adx=8|dist=9.9,UPTREND,15.19,15.11,15.11,17.38,13.66,17.38,15,13.5136,false,false,4.34,9.95,1.95,50.81,5.37,7.12,0.79,0.05,7.93,64.02,-25.24,308032,0.5,13.66,,0,1,0
81,2021-09-23,2021-09-24,2021-10-07,9,TARGET,fixed,chop:adx=9|dist=9.4,UPTREND,15.09,15.01,15.01,17.27,13.64,17.27,15,13.5136,false,false,0.5,9.41,1.41,49.89,4,7.57,2.42,0.09,8.75,60.25,-25.71,340663,0.5,13.64,,0,1,0
82,2021-09-22,2021-09-23,2021-10-08,11,TARGET,fixed,chop:adx=9,UPTREND,15.91,15.83,15.83,18.21,14.25,18.76,18.53,16.7368,false,false,3.25,15.5,6.89,56.82,12.67,6.84,3.37,0.12,9.32,99.53,-21.67,551145,0.5,14.25,,0,1,0
83,2021-09-17,2021-09-20,2021-10-07,13,TARGET,fixed,chop:adx=9|dist=8.3,UPTREND,14.85,14.77,14.77,16.99,13.61,16.99,15,13.5136,false,false,1.16,8.28,-0.36,47.99,1.32,7.15,1.25,0.06,8.8,47.29,-26.9,7467,0.5,13.61,,0,1,0
84,2021-09-16,2021-09-17,2021-10-07,14,TARGET,fixed,chop:adx=9|dist=14.1,UPTREND,15.62,15.54,15.54,17.87,13.99,17.87,15,13.5136,false,false,0.19,14.14,4.51,55.99,6.6,6.6,1.02,0.07,9.16,82.01,-23.1,68497,0.5,13.99,,0,1,0
85,2021-08-13,2021-08-16,2021-08-18,2,STOP,fixed,chop:adx=18,UPTREND,17.56,17.47,17.47,20.09,15.72,15.72,-10,-10.2,false,false,5.49,36.09,13.88,69.13,14.51,6.11,2.07,0.2,18.13,113.69,-13.57,1254614,0.5,15.72,,0,1,0
86,2021-08-11,2021-08-12,2021-08-13,1,TARGET,fixed,chop:adx=16,UPTREND,16.06,15.98,15.98,18.37,14.38,18.37,15,13.5136,false,false,8.98,25.32,5.23,59.91,8.5,6.17,2.76,0.02,16.37,87.32,-20.95,670716,0.5,14.38,,0,1,0
87,2021-08-10,2021-08-11,2021-08-13,2,TARGET,fixed,chop:adx=17,UPTREND,15.67,15.59,15.59,17.93,14.03,18.28,17.25,15.5681,false,false,7.95,22.66,2.55,56.86,6.58,6.19,2.59,-0.04,16.59,66.9,-22.86,424682,0.5,14.03,,0,1,0
88,2021-08-03,2021-08-04,2021-08-12,6,TARGET,fixed,chop:adx=19,UPTREND,14.8,14.72,14.72,16.93,13.84,16.93,15,13.5136,false,false,5.43,17.34,-5.04,49.1,0,6.36,0.34,-0.15,19.38,27.18,-27.14,5625,0.5,13.84,,0,1,0
89,2021-07-22,2021-07-23,2021-07-27,2,STOP,fixed,chop:vol_self,UPTREND,16.3,16.22,16.22,18.65,14.59,14.59,-10,-10.2,false,false,4.08,31.86,10.69,61.1,3.06,5.91,0.32,0,26.03,73.29,-19.76,423480,0.5,14.59,,0,1,0
90,2021-07-08,2021-07-09,2021-07-15,4,STOP,fixed,chop:vol_self,UPTREND,17.36,17.27,17.27,19.87,15.55,15.55,-10,-10.2,false,false,3.3,43.95,25.61,77.97,31.5,4.91,5.13,0.33,29.18,127.52,-14.52,1765555,0.5,15.55,,0,1,0
91,2021-05-17,2021-05-18,2021-06-29,30,STOP,fixed,chop:sma200_flat|vol_self,UPTREND,13.64,13.57,13.57,15.61,12.21,12.21,-10,-10.2,false,false,4.78,19.69,19.26,74.51,21.03,4.66,1.65,0.28,24.43,121.41,-32.86,861833,0.5,12.21,,0,1,0
92,2021-03-23,2021-03-24,2021-03-31,4,STOP,fixed,chop:dist=9.2|vol_self,UPTREND,12.77,12.7,12.7,14.61,11.43,11.43,-10,-10.2,false,false,10.4,9.22,5.85,56.42,3.12,6.13,4.27,0.03,26.19,75.77,-37.14,89888,0.5,11.43,,0,1,0
93,2021-02-23,2021-02-24,2021-03-09,9,STOP,fixed,chop:adx=19|dist=9.8,UPTREND,12.62,12.56,12.56,14.44,11.89,11.89,-5.36,-5.56,false,false,6.28,9.79,-2.03,43.21,-2.61,6.46,0.53,0.01,19.08,36.15,-37.86,34906,0.5,11.89,,0,1,0
94,2020-12-30,2020-12-31,2021-01-11,7,STOP,fixed,chop:vol_self,UPTREND,16.44,16.36,16.36,18.81,14.72,14.72,-10,-10.2,false,false,5.53,57.56,4.68,62.15,-10.76,5.31,0.93,-0.37,44.29,59.33,-80.88,379491,0.5,14.72,,0,1,0
95,2020-12-24,2020-12-28,2020-12-29,1,TARGET,fixed,chop:vol_self,UPTREND,14.27,14.2,13.59,15.63,14.05,15.67,15.3,13.6444,false,false,9.96,37.81,-4.92,51.68,-10.61,6,1.86,-0.37,51.36,42.95,-90.51,194080,4.98,14.05,,0,1,0
96,2020-12-16,2020-12-17,2020-12-21,2,STOP,fixed,chop:sma200_flat|vol_self,UPTREND,19.34,19.25,19.25,22.14,17.32,16.59,-13.82,-14.02,false,false,5.53,88.91,52.85,95.32,60.64,4.1,1.08,0.71,54.62,95.11,-87.13,1869783,0.5,17.32,,0,1,0
97,2020-12-09,2020-12-10,2020-12-14,2,TARGET,fixed,chop:sma200_flat|vol_self,UPTREND,15.28,15.21,15.21,17.49,13.69,17.49,15,13.3733,false,false,5.27,50.9,49.55,91.35,75.56,4.82,2.9,0.63,41.75,98.76,-89.83,1516730,0.5,13.69,,0,1,0
98,2020-12-04,2020-12-07,2020-12-09,2,TARGET,fixed,chop:sma200_flat|vol_self,UPTREND,13.25,13.18,13.18,15.16,11.87,15.28,15.91,14.1956,false,false,5.27,31.36,43.79,87.44,63.1,5.3,1.11,0.56,33.89,103.96,-91.18,854679,0.5,11.87,,0,1,0
99,2020-12-01,2020-12-02,2020-12-04,2,TARGET,fixed,chop:sma200_flat|dist=13.9|vol_self,UPTREND,11.51,11.45,11.45,13.17,10.31,13.25,15.7,14.0058,false,false,5.15,13.88,35.34,81.77,43.37,6.04,6.53,0.43,26.81,114.67,-92.34,580357,0.5,10.31,,0,1,0
100,2020-11-27,2020-12-01,2020-12-03,2,TARGET,fixed,chop:sma200_flat|dist=8.4|vol_self,UPTREND,10.98,10.92,10.92,12.56,9.83,12.56,15,13.3733,false,false,5.37,8.42,31.86,79.33,39.26,6.08,1.79,0.36,24.8,121.59,-92.7,257104,0.5,9.83,,0,1,0
101,2020-11-24,2020-11-25,2020-11-26,1,TARGET,fixed,chop:sma200_flat|dist=-14.9|vol_self,DOWNTREND,8.71,8.66,8.66,9.18,7.8,10.49,21.16,18.9395,false,false,10.55,-14.86,8.93,59.62,9.76,7.13,4.8,0.1,21.19,129.6,-94.21,50224,0.5,7.8,,0,1,0
102,2020-09-15,2020-09-16,2020-09-22,4,STOP,fixed,chop:sma200_flat|dist=-62.7|vol_self,DOWNTREND,10.54,10.49,10.49,11.12,9.44,9.44,-10,-10.2,false,false,5.11,-62.68,6.16,56.21,10.1,6.1,0.65,0.1,20.54,76.28,-92.99,-2790,0.5,9.44,,0,1,0
103,2019-12-24,2019-12-26,2019-12-27,1,STOP,fixed,chop:vol_self,UPTREND,149.19,148.45,148.45,170.72,136.27,95.51,-35.66,-35.86,false,false,1.25,66.46,8.71,99.31,9.32,0.93,1.11,0.45,92.29,93.94,-0.06,14892393,0.5,136.27,,0,1,0
104,2019-09-19,2019-09-20,2019-10-22,19,TARGET,fixed,chop:vol_self,UPTREND,94.59,94.12,94.12,108.24,84.71,108.24,15,12.6357,false,false,5.49,39.71,10.85,65.75,15.74,5.34,7.07,0.96,23.89,122.36,-0.91,93087,0.5,84.71,,0,1,0
105,2019-08-30,2019-09-03,2019-09-20,12,TARGET,fixed,chop:adx=13|vol_self,UPTREND,85.99,85.56,85.12,97.88,76.6,97.88,15,12.6357,false,false,0.97,32.7,-0.5,49.68,-0.56,6.98,0.19,-0.17,13.08,44.77,-9.93,1480,1.02,76.6,,0,1,0
106,2019-08-05,2019-08-06,2019-08-22,10,STOP,fixed,chop:adx=13|vol_self,UPTREND,84.63,84.21,80.43,92.49,80.88,80.88,0.56,0.3074,false,false,10.46,40.24,-4.76,45.77,-3.05,6.33,0.01,-0.78,12.96,3.49,-11.35,66060,5.23,80.88,,0,1,0
107,2019-06-13,2019-06-14,2019-07-26,30,STOP,trailing,trending,UPTREND,84,83.58,83.58,96.12,82.96,82.96,-0.75,-0.95,false,false,14.22,65.78,13.91,80.99,18.32,4.49,1.65,0.97,21.89,111.64,-1.19,308731,0.5,75.23,,0,1,8
108,2019-06-11,2019-06-12,2019-07-11,21,TARGET,fixed,chop:adx=18,UPTREND,79.31,78.92,78.92,90.75,71.02,90.75,15,12.6357,false,false,2.95,58.06,9.5,74.64,11.56,4.57,1.88,0.61,17.67,107.45,0,209758,0.5,71.02,,0,1,0
109,2019-05-23,2019-05-24,2019-06-11,11,TARGET,fixed,chop:adx=17,UPTREND,71.38,71.02,67.95,78.14,63.32,78.14,15,12.6357,false,false,5.05,49.32,3.62,59.07,3.22,5.88,1.61,0.03,16.58,89.42,-6.11,10470,5.05,63.32,,0,1,0
110,2019-05-22,2019-05-23,2019-06-11,12,TARGET,fixed,chop:adx=17,UPTREND,71.48,71.12,67.95,78.14,63.31,78.14,15,12.6357,false,false,5.05,50.13,4.19,59.4,4.08,5.94,0.02,-0.02,16.58,94.22,-5.98,78663,5.2,63.31,,0,1,0
111,2019-05-20,2019-05-21,2019-06-12,15,TARGET,fixed,chop:adx=18,UPTREND,71.53,71.17,70.61,81.2,63.55,81.2,15,12.6357,false,false,0,51.39,4.6,63.3,3.57,5.75,0.01,0.02,17.6,102.5,-5.92,45010,1.3,63.55,,0,1,1
112,2019-05-13,2019-05-14,2019-06-04,15,TARGET,fixed,chop:adx=19,UPTREND,67.75,67.42,65.87,75.75,61.87,75.75,15,12.6357,false,false,5.73,46.19,-0.1,52.77,3.62,6.21,0.81,-0.25,18.6,48.66,-10.88,103148,2.86,61.87,,0,1,0
113,2019-05-10,2019-05-13,2019-06-11,20,TARGET,fixed,chop:adx=19,UPTREND,68.92,68.57,68.57,78.86,61.85,78.86,15,12.6357,false,false,0.5,49.24,1.58,57.04,1.86,6.19,0.22,-0.18,18.64,71.99,-9.35,127677,0.5,61.85,,0,1,0
114,2019-05-07,2019-05-08,2019-06-12,24,TARGET,fixed,chop:adx=18,UPTREND,69.4,69.05,69.05,79.41,62.15,79.41,15,12.6357,false,false,0.78,52,2.23,59.18,2.5,6.22,0.82,-0.22,18.35,79.64,-8.72,222621,0.5,62.15,,0,1,0
115,2019-05-06,2019-05-07,2019-06-04,20,TARGET,fixed,chop:adx=19,UPTREND,69.06,68.71,65.67,75.53,61.51,75.53,15,12.6357,false,false,7.51,51.84,1.93,58.38,2,6.19,0.32,-0.32,18.52,76.18,-9.16,197657,5.15,61.51,,0,1,0
117,2019-03-26,2019-03-27,2019-04-04,5,STOP,trailing,trending,UPTREND,72.45,72.08,72.08,82.9,64.87,64.87,-10,-10.2,false,false,5.47,74.52,26,90.77,31.98,3.31,0,1.94,46.7,107.97,-0.4,86752,0.5,64.87,,0,1,4
118,2019-01-16,2019-01-17,2019-01-31,10,STOP,fixed,chop:adx=19|vol_self,UPTREND,52.71,52.45,51.84,59.62,46.66,45.46,-12.31,-12.51,false,false,0.19,40.8,7.51,72.69,8.13,4.29,2.14,0.04,19.34,99.36,0,534000,1.68,46.66,,0,1,0
119,2018-12-17,2018-12-18,2019-01-07,13,STOP,fixed,chop:adx=11|vol_self,UPTREND,47.35,47.11,46.52,53.5,41.87,41.87,-10,-10.2,false,false,1.87,31.79,8.18,73.82,3.6,4.4,0.75,-0.04,10.65,82.57,-0.1,930000,1.77,41.87,,0,1,0
120,2018-12-14,2018-12-17,2019-01-09,16,TARGET,fixed,chop:adx=11|vol_self,UPTREND,46.28,46.05,45.46,52.28,40.91,52.28,15,12.6905,false,false,4.26,29.04,6.92,71.09,1.92,4.53,0.11,-0.11,10.93,75.61,-1.64,786000,1.81,40.91,,0,1,0
121,2018-12-06,2018-12-07,2019-01-09,22,TARGET,fixed,chop:adx=14|vol_self,UPTREND,44.98,44.75,44.75,51.46,40.28,51.46,15,12.6905,false,false,5.15,26.42,10.5,71.33,15.1,5.07,1.42,0.28,13.71,76.39,-2.11,1356000,0.5,40.28,,0,1,0
122,2018-12-05,2018-12-06,2019-01-07,21,TARGET,fixed,chop:adx=14|vol_self,UPTREND,43.91,43.69,43.69,50.25,39.32,50.25,15,12.6905,false,false,3.93,23.59,9.33,68.5,16.41,5.27,1.52,0.4,13.91,72.51,-4.42,1392000,0.5,39.32,,0,1,0
123,2018-12-04,2018-12-05,2019-01-07,22,TARGET,fixed,chop:adx=14|vol_self,UPTREND,45.27,45.04,44.49,51.17,40.04,51.17,15,12.6905,false,false,3.26,27.57,14.13,77.54,19.85,4.82,0.17,0.62,14.12,82.65,-0.95,918000,1.74,40.04,,0,1,0
124,2018-11-29,2018-11-30,2019-01-07,25,TARGET,fixed,chop:adx=15|vol_self,UPTREND,45.22,44.99,44.49,51.17,40.04,51.17,15,12.6905,false,false,2.07,28.03,19.12,79.89,22.22,5.54,1.47,0.88,14.59,96.9,-0.64,954000,1.63,40.04,,0,1,0
125,2018-11-27,2018-11-28,2019-01-07,27,TARGET,fixed,chop:adx=15|vol_self,UPTREND,44.73,44.51,44.49,51.17,40.04,51.17,15,12.6905,false,false,0.65,27.01,21.11,79.1,24.33,6.08,2.06,0.83,14.79,112.31,0,732000,0.54,40.04,,0,1,0
126,2018-11-26,2018-11-27,2018-12-07,8,TARGET,fixed,chop:adx=15|vol_self,UPTREND,43.53,43.31,40.67,46.77,36.6,46.91,15.34,12.9821,false,false,9.99,23.76,19.32,77.15,27.3,6.02,3.61,0.66,15.11,119.29,0,516000,7.02,36.6,,0,1,0
127,2018-11-05,2018-11-06,2018-11-07,1,TARGET,fixed,chop:dist=-2.9|vol_self,DOWNTREND,33.85,33.68,33.68,35.7,30.32,35.7,6,4.9733,false,false,5.1,-2.89,0.36,50.62,4.32,5.79,0.43,0.02,22.67,52.85,-16.53,228000,0.5,30.32,,0,1,0
128,2018-10-25,2018-10-26,2018-11-02,5,TARGET,fixed,chop:dist=-0.5,DOWNTREND,34.53,34.36,34.34,36.4,30.9,36.4,6,4.9733,false,false,7.75,-0.54,4.29,55.01,6.25,4.99,2.35,0.07,32.89,87.2,-14.86,804000,0.56,30.9,,0,1,0
129,2018-09-28,2018-10-01,2018-10-17,11,TARGET,fixed,chop:dist=-4.5,DOWNTREND,32.89,32.72,32.72,34.68,29.45,34.68,6,4.9733,false,false,2.57,-4.54,-0.77,48.86,-1.57,4.64,2.12,-0.08,37.21,45.78,-18.91,-6000,0.5,29.45,,0,1,0
130,2018-09-27,2018-09-28,2018-10-01,1,TARGET,fixed,chop:dist=-7.3,DOWNTREND,31.92,31.76,30.71,32.55,27.64,33.56,9.29,7.7944,false,false,7.09,-7.31,-3.97,43.17,-4.47,4.62,3.29,-0.21,35.68,28.86,-21.3,-120000,3.94,27.64,,0,1,0
131,2018-09-25,2018-09-26,2018-09-28,2,TARGET,fixed,chop:dist=-7.4,DOWNTREND,31.87,31.71,30.95,32.81,27.86,32.81,6,4.9733,false,false,3.12,-7.39,-4.95,42.31,-6.24,5.01,2.31,-0.36,29.74,22.79,-21.42,-258000,2.97,27.86,,0,1,0
132,2018-07-27,2018-07-30,2018-08-10,9,STOP,fixed,chop:dist=13.5,UPTREND,37.18,36.99,35.97,41.37,32.37,31.96,-11.14,-11.34,false,false,0.67,13.45,9.75,57.87,10.63,6.42,1.08,0.22,48.37,109.54,-8.33,180000,3.36,32.37,,0,1,0
133,2018-06-06,2018-06-07,2018-06-13,4,STOP,fixed,chop:vol_self,UPTREND,36.65,36.46,34.76,39.98,33.32,33.32,-4.15,-4.35,false,false,3.19,21.99,-4.06,45.68,-2.06,5.2,0.64,-0.33,29.69,14.66,-9.64,60000,5.42,33.32,,0,1,0
134,2018-05-08,2018-05-09,2018-05-21,8,STOP,fixed,chop:adx=19|vol_self,UPTREND,39.16,38.96,38.96,44.8,35.06,35.06,-10,-10.2,false,false,1.99,38.7,4.5,61.27,6.85,4.16,0.46,0.04,18.85,94.4,-3.45,72000,0.5,35.06,,0,1,0
135,2018-04-25,2018-04-26,2018-06-08,30,TIME,fixed,chop:vol_self,UPTREND,38,37.81,36.69,42.2,33.02,36.11,-1.58,-1.78,false,false,5,38.04,5.73,57.95,4.93,6.31,0.52,0.07,25.66,82.01,-6.31,18000,3.55,33.02,,0,1,0
136,2018-04-19,2018-04-20,2018-06-04,30,TIME,fixed,chop:vol_self,UPTREND,37.8,37.62,37.62,43.26,33.85,38.14,1.4,1.029,false,false,1.4,39.07,6.52,58.92,10.28,6.45,0.87,0.3,24.18,82.57,-6.79,486000,0.5,33.85,,0,1,0
137,2018-04-18,2018-04-19,2018-06-01,30,TIME,fixed,chop:vol_self,UPTREND,38.29,38.1,36.6,42.09,32.94,37.66,2.9,2.3152,false,false,4.22,41.31,8.36,61.17,11.69,6.44,0.12,0.31,24.07,93.48,-5.6,618000,4.62,32.94,,0,1,0
138,2018-04-16,2018-04-17,2018-05-30,30,TIME,fixed,chop:vol_self,UPTREND,35.73,35.55,35.55,40.88,31.99,37.66,5.94,4.9219,false,false,5.8,32.75,2.29,52.76,8.35,6.48,0.69,0.18,24.22,63.2,-11.9,576000,0.5,31.99,,0,1,0
139,2018-04-13,2018-04-16,2018-05-29,30,TIME,fixed,chop:vol_self,UPTREND,36.69,36.51,35.73,41.09,32.16,39.35,10.14,8.5232,false,false,2.3,36.73,5.2,56.99,11.44,6.39,0.29,0.26,23.73,80.17,-9.52,702000,2.7,32.16,,0,1,0
140,2018-04-10,2018-04-11,2018-05-24,30,TIME,fixed,chop:vol_self,UPTREND,36.69,36.51,35.83,41.2,32.24,40.56,13.21,11.1557,false,false,1.89,38.01,5.83,57.36,2.29,6.53,0.56,0.19,24.6,87.78,-9.52,408000,2.43,32.24,,0,1,0
141,2018-04-06,2018-04-09,2018-05-22,30,TIME,fixed,chop:vol_self,UPTREND,35.54,35.36,35.25,40.53,31.72,37.61,6.71,5.5821,false,false,1.37,34.48,2.92,53.87,11.18,7.04,1.78,0.01,26.18,70.62,-12.38,252000,0.82,31.72,,0,1,0
142,2018-03-08,2018-03-09,2018-03-21,8,STOP,fixed,chop:vol_self,UPTREND,34.76,34.59,34.59,39.78,31.13,31.13,-10,-10.2,false,false,2.46,38.69,0.17,52.87,-1.23,6.77,0.59,-0.17,30.93,51.57,,132000,0.5,31.13,,0,1,0
143,2018-03-07,2018-03-08,2018-03-22,10,TARGET,fixed,chop:vol_self,UPTREND,34.38,34.2,32.2,37.03,29.89,37.03,15,13.2598,false,false,7.95,37.54,-0.94,51.27,5.17,6.73,0.75,-0.23,30.19,41.52,,150000,6.75,29.89,,0,1,0
144,2018-02-09,2018-02-12,2018-03-01,12,STOP,fixed,chop:adx=18|vol_self,UPTREND,34.67,34.49,34.49,39.67,31.04,31.04,-10,-10.2,false,false,4.98,45.24,3.61,57.79,4.97,6.38,0.42,-0.07,17.86,68.95,,768000,0.5,31.04,,0,1,0
145,2018-02-02,2018-02-05,2018-03-21,30,TIME,fixed,chop:adx=11|vol_self,UPTREND,35.78,35.6,32.88,37.81,29.59,31.96,-2.79,-2.99,false,false,11.31,51.93,10.36,65.32,8.97,5.78,2.33,0.21,10.93,94.19,,696000,8.81,29.59,,0,1,0
146,2018-01-23,2018-01-24,2018-01-29,2,STOP,fixed,chop:adx=11|sma200_flat|vol_self,UPTREND,35.29,35.12,34.76,39.98,31.29,31.29,-10,-10.2,false,false,1.11,52.77,13.39,70.96,13.86,4.67,6.69,0.23,10.85,134.12,,678000,1.53,31.29,,0,1,0
147,2018-01-19,2018-01-22,2018-01-23,1,TARGET,fixed,chop:adx=9|sma200_flat|vol_self,UPTREND,32.11,31.95,30.22,34.76,28.21,34.76,15,13.2598,false,false,5.43,39.67,4.07,61.97,4.56,4,1.76,0.09,8.89,91.03,,288000,6.23,28.21,,0,1,0
148,2018-01-18,2018-01-19,2018-03-07,30,TIME,fixed,chop:adx=9|sma200_flat|vol_self,UPTREND,32.83,32.67,32.67,37.57,29.4,34.38,5.23,4.5065,false,false,1.98,43.14,6.73,68.75,7.59,3.75,0.7,0.09,9.08,122.45,,438000,0.5,29.4,,0,1,0
149,2018-01-17,2018-01-18,2018-01-23,3,TARGET,fixed,chop:adx=10|sma200_flat|vol_self,UPTREND,31.87,31.71,31,35.65,28.24,35.65,15,13.2598,false,false,5.92,39.28,4.13,63.85,5.6,3.72,0.47,0,9.67,105.88,,396000,2.8,28.24,,0,1,0
150,2018-01-12,2018-01-15,2018-01-18,3,TARGET,fixed,chop:adx=8|sma200_flat|vol_self,UPTREND,30.42,30.27,28.53,32.81,29.27,32.81,15,13.2598,false,false,8.29,33.91,0.19,54.9,-1.41,3.6,0.22,-0.19,8.43,53.04,,54000,6.6,29.27,,0,1,0
151,2017-09-26,2017-09-27,2017-10-10,8,TARGET,fixed,chop:sma200_flat|dist=nan|vol_self,DOWNTREND,21.15,21.04,20.28,21.5,18.63,21.5,6,5.1964,false,false,0,,5.81,60.14,2.58,3.77,0.65,0.09,20.42,87.29,,216000,4.29,18.63,,0,1,1
