Stock,Signals today,Rank,Exp/DAY%,RS%,Trades,Win%,Target #,Target %,Trail #,Trail %,Stop #,Stop %,Time #,Time %,Time-win,Time-loss,MomExit #,MomExit %,Decay #,Decay %,Staircase #,Expectancy%,Avg win%,Avg loss%,R:R,Avg days,Total return (sum)%,CAGR%,Max DD%,Profit factor,Recovery factor,Max consec. losses,Seq. trades,BT from,BT to,Years,Remark
TRAVELFOOD,true,24.63,2.323,22.75,5,100,3,60,0,0,0,0,2,40,2,0,0,0,0,0,0,4.65,4.65,0,,2,23.23,,0,Infinity,,0,4,2025-07-14,2026-08-07,1.1,limited history: 1.1y (<10y) - lower confidence
NEULANDLAB,true,10.58,0.368,32.09,127,59.8,69,54.3,4,3.1,48,37.8,6,4.7,3,3,0,0,0,0,0,4.78,13.37,-8,1.67,13,607.58,22.58,-33.99,2.49,19.43,3,74,2015-10-15,2026-08-07,10.8,
CARBORUNIV,true,6.06,0.191,6.44,112,64.3,48,42.9,5,4.5,27,24.1,32,28.6,19,13,0,0,0,0,0,3.47,8.43,-5.46,1.54,18.2,388.37,11.56,-25.81,2.78,8.2,5,56,2015-10-15,2026-08-07,10.8,
NETWEB,true,5.56,0.077,20.48,35,54.3,13,37.1,0,0,13,37.1,9,25.7,6,3,0,0,0,0,0,1.1,8.88,-8.13,1.09,14.3,38.52,11.08,-26.14,1.3,1.32,3,20,2023-07-27,2026-08-07,3,limited history: 3.0y (<10y) - lower confidence
ASTERDM,true,3.11,0.128,16.5,101,63.4,28,27.7,6,5.9,28,27.7,39,38.6,30,9,0,0,0,0,0,2.42,6.8,-5.16,1.32,18.9,244.16,8.93,-27.69,2.28,3.53,4,52,2018-02-26,2026-08-07,8.4,limited history: 8.4y (<10y) - lower confidence
DEEPAKNTR,true,2.93,0.233,-4.94,145,62.8,73,50.3,4,2.8,45,31,23,15.9,14,9,0,0,0,0,0,3.49,9.67,-6.92,1.4,15,506.12,7.8,-39.66,2.35,2.94,5,73,2015-10-15,2026-08-07,10.8,
TECHNOE,true,2.28,0.202,-13.73,85,54.1,36,42.4,7,8.2,29,34.1,13,15.3,3,10,0,0,0,0,0,3.13,10.99,-6.14,1.79,15.5,265.89,6.97,-37.21,2.11,2.72,6,50,2015-10-15,2026-08-07,10.8,
WELSPUNLIV,true,2.17,0.191,19.61,108,56.5,55,50.9,5,4.6,39,36.1,9,8.3,1,8,0,0,0,0,0,2.69,10.59,-7.57,1.4,14.1,290.61,1.44,-31.51,1.82,0.48,5,59,2015-10-15,2026-08-07,10.8,
AARTIIND,true,2.03,0.115,4.59,139,54,48,34.5,3,2.2,49,35.3,39,28.1,23,16,0,0,0,0,0,1.89,8.5,-5.85,1.45,16.5,262.91,3.03,-41.2,1.7,0.9,5,82,2015-10-15,2026-08-07,10.8,
KIMS,true,1.62,0.112,5.55,51,62.7,13,25.5,5,9.8,16,31.4,17,33.3,14,3,0,0,0,0,0,2.19,6.4,-4.89,1.31,19.6,111.74,4.16,-29.62,2.2,0.73,4,25,2021-06-28,2026-08-07,5.1,limited history: 5.1y (<10y) - lower confidence
BELRISE,true,1.04,0.138,18.32,6,66.7,1,16.7,0,0,0,0,5,83.3,3,2,0,0,0,0,0,3.51,5.85,-1.19,4.92,25.5,21.04,,-0.74,9.84,16.11,1,3,2025-05-28,2026-08-07,1.2,limited history: 1.2y (<10y) - lower confidence
HONASA,true,0.48,0.146,34.6,18,66.7,9,50,3,16.7,6,33.3,0,0,0,0,0,0,0,0,0,2.08,6.68,-7.1,0.94,14.3,37.49,0.04,-15.63,1.88,0.01,3,14,2023-11-07,2026-08-07,2.7,limited history: 2.7y (<10y) - lower confidence
GRANULES,true,0,0.208,17.53,136,62.5,59,43.4,8,5.9,44,32.4,25,18.4,18,7,0,0,0,0,0,3.68,10.25,-7.27,1.41,17.7,500.65,-9.32,-76.8,2.35,-0.84,7,76,2015-10-15,2026-08-07,10.8,
PGEL,true,0,0.103,25.11,114,50,46,40.4,3,2.6,55,48.2,10,8.8,8,2,0,0,0,0,0,1.13,11.1,-8.83,1.26,11,129.05,-5.22,-69.81,1.26,-0.59,5,78,2015-10-15,2026-08-07,10.8,
PTCIL,true,0,-0.001,8.7,27,44.4,9,33.3,0,0,13,48.1,5,18.5,3,2,0,0,0,0,0,-0.02,10.53,-8.46,1.24,15.7,-0.55,-13.42,-40.32,1,-0.68,3,17,2023-06-09,2026-08-07,3.2,limited history: 3.2y (<10y) - lower confidence
SONACOMS,true,0,0.012,37.88,53,49.1,15,28.3,0,0,19,35.8,19,35.8,10,9,0,0,0,0,0,0.22,7.52,-6.81,1.1,18.9,11.76,-4.89,-35.62,1.06,-0.57,4,30,2021-06-24,2026-08-07,5.1,limited history: 5.1y (<10y) - lower confidence
TATATECH,true,0,-0.436,41.31,14,14.3,1,7.1,0,0,10,71.4,3,21.4,1,2,0,0,0,0,0,-4.55,7.52,-6.56,1.15,10.4,-63.66,-24.11,-46.9,0.19,-1.01,9,13,2023-11-30,2026-08-07,2.7,limited history: 2.7y (<10y) - lower confidence
HEG,false,8.87,0.524,13.9,162,66,92,56.8,5,3.1,48,29.6,17,10.5,10,7,0,0,0,0,0,7.88,15.96,-7.83,2.04,15.1,1276.89,28,-44.19,3.96,27.39,5,86,2015-10-15,2026-08-07,10.8,
NEWGEN,false,6.54,0.248,17.25,93,63.4,51,54.8,3,3.2,29,31.2,10,10.8,5,5,0,0,0,0,0,3.7,10.73,-8.5,1.26,14.9,344.36,20.36,-39.79,2.19,7.96,3,57,2018-01-29,2026-08-07,8.5,limited history: 8.5y (<10y) - lower confidence
HSCL,false,5.65,0.284,21.44,146,62.3,81,55.5,4,2.7,50,34.2,11,7.5,6,5,0,0,0,0,0,3.65,10.85,-8.26,1.31,12.8,532.85,14.5,-43.03,2.17,7.32,3,85,2015-10-15,2026-08-07,10.8,
KIRLOSENG,false,5.32,0.288,36.19,122,65.6,69,56.6,5,4.1,38,31.1,10,8.2,7,3,0,0,0,0,0,4.44,10.69,-7.47,1.43,15.4,541.67,16.77,-36.49,2.73,9.87,4,61,2015-10-15,2026-08-07,10.8,
DEEPAKFERT,false,5.21,0.329,22.25,162,61.7,86,53.1,5,3.1,55,34,16,9.9,9,7,0,0,0,0,0,4.69,12.36,-7.68,1.61,14.2,759.75,16.43,-39.55,2.6,9.85,6,91,2015-10-15,2026-08-07,10.8,
USHAMART,false,4.9,0.396,9.91,179,67.6,106,59.2,0,0,54,30.2,19,10.6,15,4,0,0,0,0,0,5.19,11.76,-8.52,1.38,13.1,929.15,18.56,-32.7,2.88,15.48,5,95,2015-10-15,2026-08-07,10.8,
CEMPRO,false,4.71,0.244,33.06,138,60.1,70,50.7,2,1.4,49,35.5,17,12.3,11,6,0,0,0,0,0,3.13,10.11,-7.4,1.37,12.8,432.41,13.83,-44.57,2.06,6.35,4,79,2015-10-15,2026-08-07,10.8,
TITAGARH,false,4.38,0.445,6.88,149,67.1,94,63.1,6,4,46,30.9,3,2,1,2,0,0,0,0,0,5.35,11.93,-8.07,1.48,12,796.89,15.01,-45.57,3.01,7.35,5,83,2015-10-15,2026-08-07,10.8,
CHENNPETRO,false,4.26,0.336,29.24,159,66.7,91,57.2,5,3.1,47,29.6,16,10.1,10,6,0,0,0,0,0,4.29,10.48,-8.09,1.3,12.8,682.62,14.67,-50.96,2.59,6.26,3,86,2015-10-15,2026-08-07,10.8,
ANANDRATHI,false,4.08,0.241,16.73,57,66.7,19,33.3,5,8.8,14,24.6,19,33.3,14,5,0,0,0,0,0,5.29,9.73,-3.59,2.71,21.9,301.54,28.8,-23.39,5.43,6.91,5,26,2021-12-14,2026-08-07,4.6,limited history: 4.6y (<10y) - lower confidence
GRAVITA,false,3.8,0.393,0.2,162,67.3,96,59.3,2,1.2,52,32.1,12,7.4,11,1,0,0,0,0,0,5.04,11.87,-9.01,1.32,12.8,815.83,18.14,-45.82,2.71,9.61,4,86,2015-10-15,2026-08-07,10.8,
GABRIEL,false,3.68,0.225,33.93,152,69.7,71,46.7,3,2,42,27.6,36,23.7,32,4,0,0,0,0,0,3.72,8.51,-7.31,1.16,16.5,565.88,12.65,-56.07,2.68,4.38,5,77,2015-10-15,2026-08-07,10.8,
SONATSOFTW,false,3.65,0.246,15.45,138,68.1,74,53.6,9,6.5,32,23.2,23,16.7,11,12,0,0,0,0,0,4.03,8.75,-6.04,1.45,16.4,556.69,12.69,-30.63,3.09,8.08,5,71,2015-10-15,2026-08-07,10.8,
ANGELONE,false,3.49,0.39,-4.65,81,69.1,50,61.7,5,6.2,23,28.4,3,3.7,1,2,0,0,0,0,0,4.84,10.18,-7.12,1.43,12.4,392.16,22.79,-33.24,3.2,5.89,5,41,2020-10-05,2026-08-07,5.8,limited history: 5.8y (<10y) - lower confidence
INTELLECT,false,3.43,0.281,-1.92,141,63.8,80,56.7,4,2.8,47,33.3,10,7.1,7,3,0,0,0,0,0,3.42,9.43,-7.18,1.31,12.2,482.49,15.56,-38.13,2.32,8.96,5,87,2015-10-15,2026-08-07,10.8,
POONAWALLA,false,3.39,0.225,11.16,114,63.2,54,47.4,7,6.1,36,31.6,17,14.9,11,6,0,0,0,0,0,3.45,9.75,-7.35,1.33,15.3,393.01,10.51,-32.19,2.27,5.22,3,66,2015-10-15,2026-08-07,10.8,
ACUTAAS,false,3.37,0.284,17.68,75,68,46,61.3,1,1.3,19,25.3,9,12,4,5,0,0,0,0,0,5.17,10.6,-6.36,1.67,18.2,388.02,18.72,-33.91,3.54,3.19,3,30,2021-09-14,2026-08-07,4.9,limited history: 4.9y (<10y) - lower confidence
PCBL,false,3.37,0.315,14.85,137,64.2,80,58.4,3,2.2,46,33.6,8,5.8,5,3,0,0,0,0,0,4.26,11,-7.85,1.4,13.5,583.63,8.83,-40.81,2.52,3.47,4,75,2015-10-15,2026-08-07,10.8,
AEGISLOG,false,3.29,0.241,106.63,128,60.2,61,47.7,3,2.3,43,33.6,21,16.4,13,8,0,0,0,0,0,3.72,11.24,-7.63,1.47,15.4,476.13,8.06,-34.62,2.22,3.63,4,73,2015-10-15,2026-08-07,10.8,
ANANTRAJ,false,3.24,0.206,20.2,134,64.9,67,50,4,3,44,32.8,19,14.2,16,3,0,0,0,0,0,2.99,9.27,-8.64,1.07,14.5,400.8,8.51,-63.96,1.99,2.11,5,76,2015-10-15,2026-08-07,10.8,
RHIM,false,2.95,0.16,4.27,111,62.2,49,44.1,4,3.6,32,28.8,26,23.4,17,9,0,0,0,0,0,2.46,8.03,-6.69,1.2,15.4,272.66,12.3,-22.45,1.97,10.55,5,69,2015-10-15,2026-08-07,10.8,
MINDACORP,false,2.95,0.182,38.11,118,62.7,50,42.4,12,10.2,35,29.7,21,17.8,13,8,0,0,0,0,0,3.15,9.14,-6.93,1.32,17.4,371.82,10.97,-38.54,2.22,4.84,3,63,2015-10-15,2026-08-07,10.8,
J&KBANK,false,2.95,0.312,19.86,120,65.8,71,59.2,4,3.3,37,30.8,8,6.7,4,4,0,0,0,0,0,3.74,9.42,-7.2,1.31,12,448.89,6.55,-48.81,2.52,1.66,3,70,2015-10-15,2026-08-07,10.8,
ECLERX,false,2.85,0.172,5.4,110,59.1,55,50,4,3.6,36,32.7,15,13.6,6,9,0,0,0,0,0,2.64,9.36,-7.05,1.33,15.4,290.92,9.12,-35.44,1.92,4.1,5,67,2015-10-15,2026-08-07,10.8,
TRITURBINE,false,2.82,0.148,10.93,100,54,44,44,5,5,36,36,15,15,5,10,0,0,0,0,0,2.05,10.33,-7.67,1.35,13.8,205.04,9.3,-41.39,1.58,3.45,3,64,2015-10-15,2026-08-07,10.8,
RKFORGE,false,2.76,0.301,22.26,126,69,73,57.9,8,6.3,33,26.2,12,9.5,6,6,0,0,0,0,0,4.32,9.45,-7.14,1.32,14.3,543.85,17.42,-40.01,2.95,10.93,5,71,2015-10-15,2026-08-07,10.8,
SPLPETRO,false,2.71,0.217,-0.8,129,62,65,50.4,5,3.9,41,31.8,18,14,10,8,0,0,0,0,0,3.43,9.94,-7.2,1.38,15.8,443.03,14.93,-57.1,2.26,5.83,6,70,2015-10-15,2026-08-07,10.8,
MMTC,false,2.66,0.164,-1.92,130,55.4,68,52.3,1,0.8,51,39.2,10,7.7,4,6,0,0,0,0,0,1.61,9.61,-8.31,1.16,9.8,209.93,7.61,-54.81,1.44,2.08,4,88,2015-10-15,2026-08-07,10.8,
SAREGAMA,false,2.6,0.28,53.43,116,59.5,65,56,2,1.7,40,34.5,9,7.8,2,7,0,0,0,0,0,4.15,12.27,-7.77,1.58,14.8,481.59,6.66,-46.75,2.32,2.03,8,70,2015-10-15,2026-08-07,10.8,
IFCI,false,2.52,0.424,18.56,134,58.2,75,56,0,0,53,39.6,6,4.5,3,3,0,0,0,0,0,4.46,14.24,-9.16,1.55,10.5,597.62,2.2,-64.94,2.16,0.39,4,92,2015-10-15,2026-08-07,10.8,
KARURVYSYA,false,2.45,0.218,16.53,136,62.5,61,44.9,5,3.7,39,28.7,31,22.8,19,12,0,0,0,0,0,3.95,10.03,-6.18,1.62,18.1,537.84,9.94,-35.03,2.71,4.81,4,64,2015-10-15,2026-08-07,10.8,
DATAPATTNS,false,2.4,0.203,5.49,64,62.5,31,48.4,1,1.6,23,35.9,9,14.1,8,1,0,0,0,0,0,2.52,9.15,-8.53,1.07,12.4,161.34,11.01,-35.19,1.79,1.6,2,36,2021-12-24,2026-08-07,4.6,limited history: 4.6y (<10y) - lower confidence
ERIS,false,2.34,0.107,-0.21,80,58.8,27,33.8,5,6.2,23,28.8,25,31.2,15,10,0,0,0,0,0,1.93,7.68,-6.27,1.22,18.1,154.2,10.33,-31.64,1.75,4.22,4,41,2017-06-30,2026-08-07,9.1,limited history: 9.1y (<10y) - lower confidence
TARIL,false,2.32,0.401,-2.68,131,58.8,74,56.5,0,0,51,38.9,6,4.6,3,3,0,0,0,0,0,3.63,12.71,-9.3,1.37,9.1,476.13,7.26,-46.82,1.95,2.14,4,87,2015-10-15,2026-08-07,10.8,
BLUEJET,false,2.29,0.144,30.94,32,59.4,13,40.6,0,0,11,34.4,8,25,6,2,0,0,0,0,0,1.89,8.38,-7.6,1.1,13.1,60.4,9.77,-15.53,1.61,1.6,2,20,2023-11-01,2026-08-07,2.8,limited history: 2.8y (<10y) - lower confidence
GPIL,false,2.28,0.42,-17.35,142,68.3,82,57.7,0,0,42,29.6,18,12.7,15,3,0,0,0,0,0,5.12,12.4,-10.57,1.17,12.2,727.56,8.54,-81.42,2.53,1.67,5,78,2015-10-15,2026-08-07,10.8,
GRAPHITE,false,2.2,0.378,-2.48,133,58.6,64,48.1,2,1.5,50,37.6,17,12.8,12,5,0,0,0,0,0,6.12,15.96,-7.84,2.04,16.2,813.77,11.18,-65.84,2.89,3.09,7,72,2015-10-15,2026-08-07,10.8,
JYOTICNC,false,2.16,0.418,5.45,23,73.9,17,73.9,0,0,6,26.1,0,0,0,0,0,0,0,0,0,3.9,8.35,-8.68,0.96,9.3,89.8,12.36,-28.86,2.72,0.81,3,15,2024-01-16,2026-08-07,2.6,limited history: 2.6y (<10y) - lower confidence
GMDCLTD,false,2.05,0.309,-11.96,143,60.8,74,51.7,3,2.1,51,35.7,15,10.5,10,5,0,0,0,0,0,4.62,12.54,-7.68,1.63,14.9,660.9,16.79,-42.51,2.54,9.12,5,80,2015-10-15,2026-08-07,10.8,
FSL,false,1.96,0.221,9.77,158,61.4,83,52.5,3,1.9,51,32.3,21,13.3,11,10,0,0,0,0,0,3.39,10.05,-7.2,1.4,15.4,535.18,5.14,-47.82,2.22,1.26,4,79,2015-10-15,2026-08-07,10.8,
MANAPPURAM,false,1.85,0.067,22.5,127,52,47,37,4,3.1,43,33.9,33,26,16,17,0,0,0,0,0,1.16,8.76,-7.08,1.24,17.3,146.76,6.98,-41.65,1.34,2.31,6,71,2015-10-15,2026-08-07,10.8,
ABDL,false,1.8,0.202,3.94,30,73.3,13,43.3,1,3.3,6,20,10,33.3,8,2,0,0,0,0,0,3.56,7.24,-6.55,1.11,17.7,106.95,25.87,-10.2,3.04,3.71,1,13,2024-07-02,2026-08-07,2.1,limited history: 2.1y (<10y) - lower confidence
JINDALSAW,false,1.79,0.31,16.7,169,65.1,93,55,6,3.6,53,31.4,17,10.1,11,6,0,0,0,0,0,4.17,10.51,-7.65,1.37,13.5,704.77,4.85,-62.4,2.56,1.04,4,89,2015-10-15,2026-08-07,10.8,
HFCL,false,1.76,0.219,38.16,118,51.7,58,49.2,0,0,48,40.7,12,10.2,3,9,0,0,0,0,0,2.58,12.56,-8.09,1.55,11.8,304.52,1.4,-63.22,1.66,0.25,6,79,2015-10-15,2026-08-07,10.8,
CPPLUS,false,1.75,0.211,45.26,4,75,2,50,0,0,1,25,1,25,1,0,0,0,0,0,0,4.38,9.23,-10.2,0.9,20.8,17.5,,0,2.72,,0,2,2025-08-05,2026-08-07,1,limited history: 1.0y (<10y) - lower confidence
SARDAEN,false,1.68,0.296,-14.06,145,58.6,79,54.5,2,1.4,51,35.2,13,9,5,8,0,0,0,0,0,3.84,11.96,-7.67,1.56,13,556.98,15.76,-46.12,2.21,6.83,5,82,2015-10-15,2026-08-07,10.8,
JKTYRE,false,1.65,0.255,1.25,132,63.6,71,53.8,6,4.5,39,29.5,16,12.1,7,9,0,0,0,0,0,4.06,10.61,-7.39,1.44,16,536.51,6.9,-41.52,2.51,2.3,4,70,2015-10-15,2026-08-07,10.8,
KFINTECH,false,1.6,0.213,8.07,41,61,23,56.1,1,2.4,15,36.6,2,4.9,1,1,0,0,0,0,0,3.07,9.25,-6.58,1.41,14.4,125.96,9.7,-25.04,2.2,1.45,3,21,2022-12-29,2026-08-07,3.6,limited history: 3.6y (<10y) - lower confidence
BRIGADE,false,1.48,0.108,5.74,111,55,41,36.9,4,3.6,43,38.7,23,20.7,16,7,0,0,0,0,0,1.86,9.02,-6.88,1.31,17.1,205.98,5.61,-27.21,1.6,2.83,3,58,2015-10-15,2026-08-07,10.8,
GRSE,false,1.46,0.326,-9.47,110,60,49,44.5,7,6.4,37,33.6,17,15.5,10,7,0,0,0,0,0,4.95,13.1,-7.29,1.8,15.2,544.01,11.49,-53.17,2.7,2.35,7,62,2018-10-24,2026-08-07,7.8,limited history: 7.8y (<10y) - lower confidence
VTL,false,1.46,0.135,-3.72,98,58.2,39,39.8,3,3.1,34,34.7,22,22.4,15,7,0,0,0,0,0,2.21,8.03,-5.88,1.37,16.3,216.7,6.85,-27.52,1.9,3.6,4,56,2015-10-15,2026-08-07,10.8,
LTFOODS,false,1.45,0.277,2.86,151,59.6,85,56.3,2,1.3,55,36.4,9,6,3,6,0,0,0,0,0,3.75,11.77,-8.09,1.45,13.5,566.24,10.51,-40.78,2.15,3.96,5,85,2015-10-15,2026-08-07,10.8,
RAINBOW,false,1.45,0.136,20.94,47,61.7,11,23.4,0,0,10,21.3,26,55.3,18,8,0,0,0,0,0,2.69,7.52,-5.08,1.48,19.9,126.62,10.84,-15.43,2.38,2.82,3,21,2022-05-10,2026-08-07,4.2,limited history: 4.2y (<10y) - lower confidence
RRKABEL,false,1.36,0.403,40.11,26,69.2,14,53.8,2,7.7,7,26.9,3,11.5,2,1,0,0,0,0,0,5.62,10.44,-5.24,1.99,13.9,146.03,12.18,-21.17,4.48,1.47,4,14,2023-09-20,2026-08-07,2.9,limited history: 2.9y (<10y) - lower confidence
CREDITACC,false,1.34,0.16,6.97,95,57.9,35,36.8,7,7.4,31,32.6,22,23.2,13,9,0,0,0,0,0,2.66,9.39,-6.61,1.42,16.6,252.36,4.96,-54.5,1.95,0.75,8,52,2018-08-23,2026-08-07,8,limited history: 8.0y (<10y) - lower confidence
CHALET,false,1.33,0.129,10.66,79,57,34,43,2,2.5,29,36.7,14,17.7,9,5,0,0,0,0,0,2.31,8.65,-6.08,1.42,18,182.67,6.78,-47.55,1.88,0.93,8,40,2019-02-07,2026-08-07,7.5,limited history: 7.5y (<10y) - lower confidence
CARTRADE,false,1.32,0.296,45.03,61,55.7,33,54.1,0,0,25,41,3,4.9,1,2,0,0,0,0,0,4.18,13.54,-7.6,1.78,14.1,255.23,2.98,-30.21,2.24,0.49,4,37,2021-08-20,2026-08-07,5,limited history: 5.0y (<10y) - lower confidence
PARADEEP,false,1.32,0.153,14.52,44,52.3,22,50,0,0,18,40.9,4,9.1,1,3,0,0,0,0,0,2.03,10.83,-7.6,1.42,13.2,89.47,5.43,-38.52,1.56,0.51,5,26,2022-05-27,2026-08-07,4.2,limited history: 4.2y (<10y) - lower confidence
OLECTRA,false,1.32,0.395,6.47,123,52.8,61,49.6,1,0.8,53,43.1,8,6.5,3,5,0,0,0,0,0,4.25,16.07,-9,1.79,10.8,522.34,-1.95,-81.24,2,-0.22,6,83,2015-10-15,2026-08-07,10.8,
HBLENGINE,false,1.31,0.229,-9.63,131,51.9,66,50.4,0,0,56,42.7,9,6.9,3,6,0,0,0,0,0,2.75,12.82,-8.12,1.58,12,360.73,5.88,-59.03,1.71,1.31,6,85,2015-10-15,2026-08-07,10.8,
BALRAMCHIN,false,1.23,0.124,16.01,145,55.2,55,37.9,4,2.8,47,32.4,39,26.9,21,18,0,0,0,0,0,2.1,9.23,-6.67,1.38,16.9,304.22,3.04,-51.96,1.7,0.66,6,73,2015-10-15,2026-08-07,10.8,
JBMA,false,1.23,0.376,-3.86,140,58.6,76,54.3,2,1.4,47,33.6,15,10.7,4,11,0,0,0,0,0,5.6,14.99,-7.68,1.95,14.9,783.67,5.05,-56.3,2.76,1.2,5,79,2015-10-15,2026-08-07,10.8,
BLS,false,1.19,0.274,-8.66,122,59,63,51.6,1,0.8,45,36.9,13,10.7,8,5,0,0,0,0,0,3.37,11.59,-8.45,1.37,12.3,411.64,8.17,-36.21,1.97,2.93,5,73,2016-06-15,2026-08-07,10.1,
BEML,false,1.18,0.197,-2.73,147,59.2,62,42.2,11,7.5,49,33.3,25,17,14,11,0,0,0,0,0,3.42,10.07,-6.21,1.62,17.4,503.47,5.82,-47.11,2.35,1.71,5,80,2015-10-15,2026-08-07,10.8,
ZENSARTECH,false,1.17,0.212,-2.1,116,56,59,50.9,1,0.9,41,35.3,15,12.9,5,10,0,0,0,0,0,3.23,10.76,-6.36,1.69,15.2,375.13,5.05,-43.9,2.16,1.54,5,66,2015-10-15,2026-08-07,10.8,
AFFLE,false,1.15,0.155,1.22,64,51.6,30,46.9,2,3.1,23,35.9,9,14.1,2,7,0,0,0,0,0,2.32,10.22,-6.08,1.68,15,148.74,5.84,-32.8,1.79,1.24,3,40,2019-08-08,2026-08-07,7,limited history: 7.0y (<10y) - lower confidence
ACE,false,1.13,0.185,21.6,124,57.3,58,46.8,1,0.8,45,36.3,20,16.1,12,8,0,0,0,0,0,2.45,9.64,-7.18,1.34,13.2,303.62,1.64,-50.55,1.8,0.36,5,77,2015-10-15,2026-08-07,10.8,
ANURAS,false,1.12,0.233,-13.24,49,71.4,23,46.9,7,14.3,13,26.5,6,12.2,5,1,0,0,0,0,0,3.79,7.39,-5.21,1.42,16.3,185.66,12.21,-19.36,3.55,3.74,3,30,2021-03-24,2026-08-07,5.4,limited history: 5.4y (<10y) - lower confidence
WELCORP,false,1.11,0.224,37.32,154,59.1,80,51.9,5,3.2,56,36.4,13,8.4,6,7,0,0,0,0,0,2.93,10.1,-7.43,1.36,13.1,451.03,6.01,-45.93,1.96,1.85,7,91,2015-10-15,2026-08-07,10.8,
NAVINFLUOR,false,1.1,0.141,16.56,138,58.7,51,37,8,5.8,46,33.3,33,23.9,22,11,0,0,0,0,0,2.52,8.96,-6.62,1.35,17.9,348.34,3.47,-49.87,1.92,0.86,5,70,2015-10-15,2026-08-07,10.8,
RBLBANK,false,1.08,0.125,17.27,112,58,43,38.4,0,0,34,30.4,35,31.2,22,13,0,0,0,0,0,2.06,8.02,-6.18,1.3,16.5,230.67,2.77,-36.45,1.79,0.78,5,62,2016-08-31,2026-08-07,9.9,
BBTC,false,1.06,0.175,0.05,121,55.4,57,47.1,4,3.3,44,36.4,16,13.2,6,10,0,0,0,0,0,2.28,8.96,-6.02,1.49,13,275.49,4,-51.81,1.85,0.99,3,76,2015-10-15,2026-08-07,10.8,
BLUEDART,false,1,0.088,-4.09,83,51.8,34,41,3,3.6,30,36.1,16,19.3,6,10,0,0,0,0,0,1.5,8.25,-5.74,1.44,17,124.9,5.15,-50.11,1.54,1.37,8,51,2015-10-15,2026-08-07,10.8,
BSOFT,false,0.98,0.336,-5.11,153,63.4,76,49.7,3,2,44,28.8,30,19.6,18,12,0,0,0,0,0,5.34,12.15,-6.46,1.88,15.9,816.57,5.05,-42.54,3.26,1.6,5,77,2015-10-15,2026-08-07,10.8,
EIHOTEL,false,0.96,0.177,-5.71,111,57.7,50,45,3,2.7,38,34.2,20,18,11,9,0,0,0,0,0,2.65,10,-7.35,1.36,15,294.68,4.89,-35.67,1.85,1.59,4,64,2015-10-15,2026-08-07,10.8,
INDIAMART,false,0.96,0.11,-12.83,56,57.1,26,46.4,0,0,20,35.7,10,17.9,6,4,0,0,0,0,0,1.6,8.41,-7.48,1.12,14.5,89.7,7.96,-32.18,1.5,2.02,5,37,2019-07-04,2026-08-07,7.1,limited history: 7.1y (<10y) - lower confidence
PFIZER,false,0.95,0.106,2.37,90,63.3,28,31.1,10,11.1,27,30,25,27.8,19,6,0,0,0,0,0,2.18,6.8,-5.79,1.17,20.6,196.5,4.19,-29.26,2.03,1.85,4,50,2015-10-15,2026-08-07,10.8,
DCMSHRIRAM,false,0.95,0.176,-17.05,118,55.9,59,50,1,0.8,46,39,12,10.2,7,5,0,0,0,0,0,2.49,10.55,-7.75,1.36,14.2,293.26,8.15,-49.66,1.73,2.34,5,75,2015-10-15,2026-08-07,10.8,
CHOLAHLDNG,false,0.94,0.113,-7.61,94,63.8,36,38.3,8,8.5,27,28.7,23,24.5,16,7,0,0,0,0,0,2.08,7.25,-7.05,1.03,18.4,195.47,5.38,-39.66,1.82,1.76,5,49,2015-10-15,2026-08-07,10.8,
CCL,false,0.92,0.073,0.65,102,52.9,30,29.4,1,1,30,29.4,41,40.2,24,17,0,0,0,0,0,1.52,8.02,-5.78,1.39,20.9,155.46,5.55,-20.8,1.56,3.65,5,56,2015-10-15,2026-08-07,10.8,
RPOWER,false,0.92,0.718,-13.42,98,55.1,52,53.1,2,2,44,44.9,0,0,0,0,0,0,0,0,0,7.92,22.12,-9.51,2.33,11,776.02,0.29,-61.08,2.85,0.05,6,69,2015-10-15,2026-08-07,10.8,
CGCL,false,0.87,0.085,20.71,116,54.3,43,37.1,3,2.6,41,35.3,29,25,17,12,0,0,0,0,0,1.55,8.77,-7.02,1.25,18.2,180.05,1.6,-54.76,1.48,0.32,9,67,2015-10-15,2026-08-07,10.8,
CDSL,false,0.85,0.175,10.76,102,50,42,41.2,4,3.9,42,41.2,14,13.7,5,9,0,0,0,0,0,2.97,12.15,-6.22,1.95,17,302.63,2.91,-39.22,1.95,0.7,7,56,2017-06-30,2026-08-07,9.1,limited history: 9.1y (<10y) - lower confidence
SCI,false,0.85,0.116,-8.91,141,50.4,59,41.8,4,2.8,50,35.5,28,19.9,8,20,0,0,0,0,0,1.62,10.04,-6.92,1.45,14,229.06,5.69,-52.34,1.47,1.49,8,87,2015-10-15,2026-08-07,10.8,
SOBHA,false,0.83,0.117,-6.15,91,54.9,40,44,4,4.4,40,44,7,7.7,6,1,0,0,0,0,0,1.59,9.23,-7.73,1.19,13.5,144.46,2.95,-33.08,1.46,1.05,4,61,2015-10-15,2026-08-07,10.8,
RAILTEL,false,0.83,0.245,-11.98,70,60,40,57.1,0,0,22,31.4,8,11.4,2,6,0,0,0,0,0,3,9.85,-7.27,1.35,12.3,209.84,5.88,-37.01,2.03,0.94,5,43,2021-02-26,2026-08-07,5.4,limited history: 5.4y (<10y) - lower confidence
SYRMA,false,0.82,0.009,29.93,41,41.5,13,31.7,0,0,21,51.2,7,17.1,3,4,0,0,0,0,0,0.14,10.91,-7.5,1.45,15.2,5.61,3.41,-34.61,1.03,0.38,3,27,2022-08-26,2026-08-07,3.9,limited history: 3.9y (<10y) - lower confidence
IOB,false,0.82,0.217,-0.77,88,58,47,53.4,1,1.1,32,36.4,8,9.1,3,5,0,0,0,0,0,2.71,9.74,-6.99,1.39,12.5,238.18,1.89,-59.21,1.92,0.37,4,61,2015-10-15,2026-08-07,10.8,
NH,false,0.82,0.139,-0.27,96,51,37,38.5,4,4.2,28,29.2,27,28.1,9,18,0,0,0,0,0,2.38,9.66,-5.21,1.85,17.2,228.58,4.62,-31.2,1.93,1.83,4,51,2016-01-06,2026-08-07,10.6,
PNBHOUSING,false,0.81,0.038,6.33,99,56.6,40,40.4,1,1,37,37.4,21,21.2,15,6,0,0,0,0,0,0.53,6.89,-7.76,0.89,13.7,51.98,2.22,-55.66,1.16,0.39,4,64,2016-11-07,2026-08-07,9.7,
REDINGTON,false,0.81,0.13,69.54,120,52.5,47,39.2,2,1.7,45,37.5,26,21.7,14,12,0,0,0,0,0,1.96,9.8,-6.71,1.46,15.1,235.19,3.3,-34.56,1.62,1.19,4,73,2015-10-15,2026-08-07,10.8,
FORCEMOT,false,0.79,0.387,-9.43,75,57.3,40,53.3,0,0,30,40,5,6.7,3,2,0,0,0,0,0,6.81,18.05,-8.31,2.17,17.6,510.42,5.38,-47.6,2.92,0.89,6,38,2019-08-19,2026-08-07,7,limited history: 7.0y (<10y) - lower confidence
HINDCOPPER,false,0.78,0.371,-7.56,133,57.1,68,51.1,3,2.3,54,40.6,8,6,6,2,0,0,0,0,0,4.83,14.44,-7.97,1.81,13,643.01,1.75,-68.12,2.41,0.29,6,86,2015-10-15,2026-08-07,10.8,
CHOICEIN,false,0.77,0.143,24.65,48,58.3,12,25,5,10.4,17,35.4,14,29.2,11,3,0,0,0,0,0,2.61,7.28,-3.91,1.86,18.3,125.43,6.8,-29.74,2.6,0.9,6,26,2022-04-08,2026-08-07,4.3,limited history: 4.3y (<10y) - lower confidence
ELGIEQUIP,false,0.77,0.095,10.47,100,49,35,35,3,3,40,40,22,22,11,11,0,0,0,0,0,1.51,10.17,-6.81,1.49,15.9,150.96,1.55,-41.22,1.43,0.43,4,60,2015-10-15,2026-08-07,10.8,
ABSLAMC,false,0.74,0.14,-2.97,53,62.3,16,30.2,4,7.5,17,32.1,16,30.2,13,3,0,0,0,0,0,2.71,7.85,-5.77,1.36,19.3,143.56,6.14,-27.76,2.24,1.12,4,27,2021-10-11,2026-08-07,4.8,limited history: 4.8y (<10y) - lower confidence
STARHEALTH,false,0.72,0.116,8.89,36,58.3,18,50,0,0,13,36.1,5,13.9,3,2,0,0,0,0,0,1.63,7.38,-6.42,1.15,14.1,58.55,2.14,-24.11,1.61,0.4,5,26,2021-12-10,2026-08-07,4.7,limited history: 4.7y (<10y) - lower confidence
CENTRALBK,false,0.72,0.271,-11.76,104,61.5,60,57.7,0,0,34,32.7,10,9.6,4,6,0,0,0,0,0,3.34,10.37,-7.92,1.31,12.3,347.09,2.29,-48.73,2.1,0.55,6,67,2015-10-15,2026-08-07,10.8,
KPIL,false,0.71,0.073,5.14,100,53,30,30,5,5,40,40,25,25,18,7,0,0,0,0,0,1.28,8.22,-6.54,1.26,17.5,128.06,1.93,-43.9,1.42,0.47,4,61,2015-10-15,2026-08-07,10.8,
SIGNATURE,false,0.67,0.16,-9.18,18,72.2,10,55.6,0,0,5,27.8,3,16.7,3,0,0,0,0,0,0,1.57,4.54,-6.14,0.74,9.8,28.32,5.67,-10.2,1.92,1.23,2,15,2023-09-27,2026-08-07,2.9,limited history: 2.9y (<10y) - lower confidence
GALLANTT,false,0.66,0.35,-28.48,107,55.1,56,52.3,1,0.9,47,43.9,3,2.8,2,1,0,0,0,0,0,4.17,15.04,-9.2,1.63,11.9,445.79,2.07,-64.58,2.01,0.35,6,71,2015-10-15,2026-08-07,10.8,
LATENTVIEW,false,0.62,0.071,-1.61,42,52.4,19,45.2,0,0,15,35.7,8,19,3,5,0,0,0,0,0,0.98,7.47,-6.14,1.22,13.8,41.34,2.61,-26.93,1.34,0.45,3,25,2021-11-23,2026-08-07,4.7,limited history: 4.7y (<10y) - lower confidence
VIJAYA,false,0.62,0.136,3.04,54,55.6,26,48.1,0,0,19,35.2,9,16.7,4,5,0,0,0,0,0,2.2,9.45,-6.87,1.38,16.1,118.58,2.81,-28.77,1.72,0.48,3,30,2021-09-14,2026-08-07,4.9,limited history: 4.9y (<10y) - lower confidence
JUBLPHARMA,false,0.61,0.129,-7.77,105,50.5,51,48.6,0,0,46,43.8,8,7.6,3,5,0,0,0,0,0,1.65,10.69,-7.56,1.41,12.8,173.54,1.38,-62.79,1.44,0.25,7,74,2015-10-15,2026-08-07,10.8,
IEX,false,0.57,0.174,-1.09,90,62.2,44,48.9,5,5.6,31,34.4,10,11.1,7,3,0,0,0,0,0,2.47,8.69,-7.76,1.12,14.2,222.62,1.25,-58.56,1.84,0.18,5,55,2017-10-23,2026-08-07,8.8,limited history: 8.8y (<10y) - lower confidence
SHYAMMETL,false,0.56,0.183,17.3,52,59.6,25,48.1,1,1.9,15,28.8,11,21.2,5,6,0,0,0,0,0,3.83,10.88,-6.59,1.65,20.9,198.95,1.01,-35.03,2.44,0.13,4,24,2021-06-24,2026-08-07,5.1,limited history: 5.1y (<10y) - lower confidence
CRAFTSMAN,false,0.56,0.145,18.23,69,62.3,24,34.8,8,11.6,18,26.1,19,27.5,12,7,0,0,0,0,0,2.86,8.69,-6.8,1.28,19.7,197.07,3.22,-47.59,2.11,0.35,5,35,2021-03-25,2026-08-07,5.4,limited history: 5.4y (<10y) - lower confidence
FINCABLES,false,0.54,0.108,-7.13,111,55,36,32.4,5,4.5,40,36,30,27,20,10,0,0,0,0,0,1.74,8.55,-6.57,1.3,16.1,192.88,1.99,-44.64,1.59,0.52,6,68,2015-10-15,2026-08-07,10.8,
TBOTEK,false,0.53,0.094,35.17,13,53.8,7,53.8,0,0,2,15.4,4,30.8,0,4,0,0,0,0,0,1.01,5.45,-4.17,1.31,10.8,13.17,2.92,-10.21,1.53,0.56,3,10,2024-05-15,2026-08-07,2.2,limited history: 2.2y (<10y) - lower confidence
DELHIVERY,false,0.51,-0.028,-0.73,34,41.2,11,32.4,1,2.9,13,38.2,9,26.5,2,7,0,0,0,0,0,-0.44,7.1,-5.72,1.24,15.8,-14.87,4.41,-18.22,0.87,1,3,23,2022-05-24,2026-08-07,4.2,limited history: 4.2y (<10y) - lower confidence
CLEAN,false,0.49,-0.022,-4.28,42,50,17,40.5,0,0,14,33.3,11,26.2,4,7,0,0,0,0,0,-0.29,5.33,-5.92,0.9,13.4,-12.36,2.89,-34.76,0.9,0.39,8,28,2021-07-19,2026-08-07,5.1,limited history: 5.1y (<10y) - lower confidence
KAJARIACER,false,0.49,0.057,6.25,107,51.4,35,32.7,1,0.9,39,36.4,32,29.9,19,13,0,0,0,0,0,0.98,7.47,-5.88,1.27,17.1,104.81,0.79,-35.95,1.34,0.23,6,62,2015-10-15,2026-08-07,10.8,
INOXWIND,false,0.47,0.321,-20.78,119,54.6,63,52.9,1,0.8,53,44.5,2,1.7,0,2,0,0,0,0,0,3.22,13.07,-8.65,1.51,10,382.69,-1.54,-65,1.82,-0.23,8,84,2015-10-15,2026-08-07,10.8,
PFOCUS,false,0.47,0.17,-3,112,50,53,47.3,0,0,51,45.5,8,7.1,3,5,0,0,0,0,0,1.82,11.94,-8.3,1.44,10.7,203.96,-1.11,-74.65,1.44,-0.15,10,71,2015-10-15,2026-08-07,10.8,
RITES,false,0.47,0.139,8.01,82,54.9,31,37.8,0,0,31,37.8,20,24.4,14,6,0,0,0,0,0,2.32,9.23,-6.08,1.52,16.8,190.43,1.22,-54.52,1.85,0.17,6,42,2018-07-03,2026-08-07,8.1,limited history: 8.1y (<10y) - lower confidence
LEMONTREE,false,0.47,0.128,-3.36,97,57.7,38,39.2,1,1,33,34,25,25.8,17,8,0,0,0,0,0,2.15,9.08,-7.32,1.24,16.8,208.44,1.22,-48.54,1.69,0.2,5,53,2018-04-09,2026-08-07,8.3,limited history: 8.3y (<10y) - lower confidence
CIEINDIA,false,0.46,0.137,-13.86,99,54.5,43,43.4,0,0,35,35.4,21,21.2,12,9,0,0,0,0,0,2.35,9.99,-6.81,1.47,17.1,232.58,2.82,-41.99,1.76,0.81,6,62,2015-10-15,2026-08-07,10.8,
ACMESOLAR,false,0.46,0.11,27.3,18,55.6,8,44.4,2,11.1,7,38.9,1,5.6,0,1,0,0,0,0,0,1.68,8.77,-7.2,1.22,15.2,30.16,0.77,-34.99,1.52,0.03,5,12,2024-11-13,2026-08-07,1.7,limited history: 1.7y (<10y) - lower confidence
JWL,false,0.45,0.311,-8.05,109,56.9,62,56.9,1,0.9,45,41.3,1,0.9,0,1,0,0,0,0,0,2.85,11.72,-8.85,1.32,9.2,310.38,-1.31,-62.15,1.75,-0.2,5,76,2015-10-15,2026-08-07,10.8,
NAVA,false,0.44,0.191,-18.38,134,57.5,63,47,1,0.7,49,36.6,21,15.7,13,8,0,0,0,0,0,2.82,10.77,-7.92,1.36,14.7,377.93,2.45,-59.44,1.84,0.47,5,76,2015-10-15,2026-08-07,10.8,
CONCORDBIO,false,0.44,0.263,19.24,23,56.5,13,56.5,0,0,8,34.8,2,8.7,0,2,0,0,0,0,0,2.51,10.64,-8.06,1.32,9.6,57.83,-0.86,-27.15,1.72,-0.08,4,19,2023-08-18,2026-08-07,3,limited history: 3.0y (<10y) - lower confidence
SUMICHEM,false,0.44,0.048,17.51,63,50.8,25,39.7,3,4.8,22,34.9,13,20.6,4,9,0,0,0,0,0,0.79,7.69,-6.33,1.21,16.6,49.84,0.12,-37.26,1.25,0.02,5,42,2020-01-27,2026-08-07,6.5,limited history: 6.5y (<10y) - lower confidence
EMAMILTD,false,0.39,0.142,-7.17,92,57.6,38,41.3,0,0,31,33.7,23,25,15,8,0,0,0,0,0,2.14,7.8,-5.55,1.41,15.1,197,1.04,-31.07,1.91,0.37,4,59,2015-10-15,2026-08-07,10.8,
TEGA,false,0.38,0.167,1.18,78,56.4,31,39.7,0,0,27,34.6,20,25.6,13,7,0,0,0,0,0,2.63,9.83,-6.68,1.47,15.7,205.35,-0.08,-44.65,1.9,-0.01,4,37,2021-12-13,2026-08-07,4.6,limited history: 4.6y (<10y) - lower confidence
ITI,false,0.38,0.238,-2.79,99,45.5,42,42.4,0,0,48,48.5,9,9.1,3,6,0,0,0,0,0,3.27,17.14,-8.29,2.07,13.7,323.8,-2.23,-61.24,1.72,-0.33,10,71,2015-10-15,2026-08-07,10.8,
KEC,false,0.36,0.142,-14.77,105,61,49,46.7,6,5.7,36,34.3,14,13.3,9,5,0,0,0,0,0,2.65,8.99,-7.23,1.24,18.6,278.7,2.7,-36.65,1.94,0.86,3,53,2015-10-15,2026-08-07,10.8,
CAPLIPOINT,false,0.35,0.191,39.52,129,57.4,63,48.8,5,3.9,49,38,12,9.3,6,6,0,0,0,0,0,2.5,9.82,-7.37,1.33,13.1,321.93,-1.97,-69.05,1.79,-0.27,9,84,2015-10-15,2026-08-07,10.8,
ASAHIINDIA,false,0.34,0.058,7.95,109,51.4,31,28.4,8,7.3,42,38.5,28,25.7,17,11,0,0,0,0,0,1.03,7.96,-6.29,1.27,17.7,112.44,0.04,-45.64,1.34,0.01,4,60,2015-10-15,2026-08-07,10.8,
IRCON,false,0.34,0.251,-11.41,81,55.6,43,53.1,1,1.2,30,37,7,8.6,2,5,0,0,0,0,0,3.47,12.31,-7.59,1.62,13.8,280.78,0.16,-54.42,2.03,0.02,4,48,2018-09-28,2026-08-07,7.9,limited history: 7.9y (<10y) - lower confidence
ZYDUSWELL,false,0.31,0.044,3,81,51.9,23,28.4,8,9.9,31,38.3,19,23.5,12,7,0,0,0,0,0,0.78,6.17,-5.03,1.23,17.6,63.04,0.6,-31.02,1.32,0.21,3,45,2015-10-15,2026-08-07,10.8,
ARE&M,false,0.23,0.07,10.05,94,47.9,28,29.8,2,2.1,41,43.6,23,24.5,15,8,0,0,0,0,0,1.1,7.89,-5.13,1.54,15.9,103.71,-0.58,-41.08,1.41,-0.14,6,60,2015-10-15,2026-08-07,10.8,
JMFINANCIL,false,0.2,0.151,-7.22,113,57.5,52,46,4,3.5,41,36.3,16,14.2,9,7,0,0,0,0,0,2.35,9.52,-7.35,1.3,15.5,266.07,-0.73,-54.11,1.75,-0.14,5,61,2015-10-15,2026-08-07,10.8,
AMBER,false,0.19,0.144,-11.5,110,57.3,50,45.5,4,3.6,38,34.5,18,16.4,9,9,0,0,0,0,0,2.35,9.72,-7.54,1.29,16.3,258.03,-1.21,-47.49,1.73,-0.2,4,63,2018-01-30,2026-08-07,8.5,limited history: 8.5y (<10y) - lower confidence
GESHIP,false,0.18,0.128,-12.18,121,57.9,46,38,2,1.7,41,33.9,32,26.4,22,10,0,0,0,0,0,2.18,8.57,-6.59,1.3,17.1,263.68,-0.71,-53.04,1.78,-0.13,8,67,2015-10-15,2026-08-07,10.8,
TATACHEM,false,0.16,0.111,-13.79,112,53.6,33,29.5,3,2.7,38,33.9,38,33.9,24,14,0,0,0,0,0,2.2,9.28,-5.97,1.55,19.7,246.46,0.16,-49.27,1.79,0.03,9,55,2015-10-15,2026-08-07,10.8,
ELECON,false,0.16,0.249,-15.11,133,55.6,72,54.1,1,0.8,54,40.6,6,4.5,1,5,0,0,0,0,0,3.16,12.66,-8.77,1.44,12.7,419.77,-3.09,-66.23,1.81,-0.42,9,79,2015-10-15,2026-08-07,10.8,
CHAMBLFERT,false,0.15,0.169,1.29,134,57.5,64,47.8,6,4.5,53,39.6,11,8.2,7,4,0,0,0,0,0,2.62,10.12,-7.5,1.35,15.5,351.49,-2.22,-56.94,1.82,-0.34,5,74,2015-10-15,2026-08-07,10.8,
KAYNES,false,0.14,0.019,-7.35,37,48.6,17,45.9,0,0,16,43.2,4,10.8,1,3,0,0,0,0,0,0.27,9.39,-8.37,1.12,14.6,10.07,-1.65,-42.83,1.06,-0.11,5,24,2022-11-22,2026-08-07,3.7,limited history: 3.7y (<10y) - lower confidence
TIMKEN,false,0.13,0.114,-9.71,126,55.6,46,36.5,2,1.6,47,37.3,31,24.6,22,9,0,0,0,0,0,2.03,8.89,-6.55,1.36,17.8,255.16,-0.68,-43.23,1.7,-0.16,6,74,2015-10-15,2026-08-07,10.8,
CEATLTD,false,0.11,0.157,17.09,135,59.3,66,48.9,8,5.9,47,34.8,14,10.4,6,8,0,0,0,0,0,2.49,8.94,-6.89,1.3,15.8,336.39,-2.28,-41.28,1.89,-0.52,5,79,2015-10-15,2026-08-07,10.8,
CESC,false,0.1,0.135,-11.75,110,56.4,47,42.7,5,4.5,42,38.2,16,14.5,10,6,0,0,0,0,0,2.12,8.47,-6.08,1.39,15.7,233.4,-0.66,-44.11,1.8,-0.15,6,63,2015-10-15,2026-08-07,10.8,
NATCOPHARM,false,0.09,0.115,-25.02,100,56,34,34,15,15,35,35,16,16,8,8,0,0,0,0,0,2.09,8.46,-6.02,1.41,18.1,209.02,-0.54,-28.86,1.79,-0.19,6,59,2015-10-15,2026-08-07,10.8,
AADHARHFC,false,0.07,-0.05,1.34,10,40,1,10,0,0,3,30,6,60,3,3,0,0,0,0,0,-1.34,4.26,-5.07,0.84,26.8,-13.38,0.64,-10.2,0.56,0.1,1,6,2024-05-15,2026-08-07,2.2,limited history: 2.2y (<10y) - lower confidence
SCHNEIDER,false,0.03,0.213,4.5,114,59.6,61,53.5,4,3.5,45,39.5,4,3.5,3,1,0,0,0,0,0,2.68,10.22,-8.46,1.21,12.6,305.82,-3.08,-75.36,1.79,-0.37,6,78,2015-10-15,2026-08-07,10.8,
CUB,false,0.02,0.017,14.14,115,43.5,28,24.3,2,1.7,42,36.5,43,37.4,21,22,0,0,0,0,0,0.34,7.53,-5.19,1.45,19.4,39.01,-1.46,-62.69,1.12,-0.23,7,60,2015-10-15,2026-08-07,10.8,
GILLETTE,false,0,0.036,-5.1,61,49.2,12,19.7,8,13.1,20,32.8,21,34.4,11,10,0,0,0,0,0,0.76,5.95,-4.25,1.4,21.3,46.59,-1.67,-38.05,1.35,-0.43,9,40,2015-10-15,2026-08-07,10.8,
FIVESTAR,false,0,-0.123,13.56,26,42.3,9,34.6,0,0,13,50,4,15.4,2,2,0,0,0,0,0,-1.48,6.45,-7.3,0.88,12.1,-38.49,-9.89,-39.46,0.65,-0.73,5,18,2022-11-21,2026-08-07,3.7,limited history: 3.7y (<10y) - lower confidence
GODIGIT,false,0,-0.221,-14.53,8,25,2,25,0,0,5,62.5,1,12.5,0,1,0,0,0,0,0,-2.32,8.06,-5.77,1.4,10.5,-18.52,-10.98,-30.23,0.47,-0.61,6,8,2024-05-23,2026-08-07,2.2,limited history: 2.2y (<10y) - lower confidence
GLAND,false,0,-0.038,36.35,56,46.4,12,21.4,5,8.9,20,35.7,19,33.9,9,10,0,0,0,0,0,-0.68,5.99,-6.46,0.93,18,-37.91,-9.9,-65.58,0.8,-0.66,11,30,2020-11-20,2026-08-07,5.7,limited history: 5.7y (<10y) - lower confidence
ENGINERSIN,false,0,0.11,-1.04,120,52.5,52,43.3,0,0,50,41.7,18,15,11,7,0,0,0,0,0,1.66,9.49,-6.99,1.36,15.1,199.43,-2.73,-59.91,1.5,-0.42,7,69,2015-10-15,2026-08-07,10.8,
DOMS,false,0,-0.336,-2.62,13,30.8,4,30.8,0,0,8,61.5,1,7.7,0,1,0,0,0,0,0,-3.79,6.55,-8.39,0.78,11.3,-49.33,-28.6,-44.92,0.35,-1,6,12,2023-12-20,2026-08-07,2.6,limited history: 2.6y (<10y) - lower confidence
CYIENT,false,0,0.216,-7.67,108,60.2,56,51.9,2,1.9,39,36.1,11,10.2,8,3,0,0,0,0,0,3.31,9.91,-6.68,1.48,15.3,357.26,-2.57,-47.3,2.24,-0.5,5,61,2015-10-15,2026-08-07,10.8,
BIKAJI,false,0,0.071,-7.67,37,56.8,12,32.4,4,10.8,12,32.4,9,24.3,5,4,0,0,0,0,0,1.17,7.27,-6.83,1.06,16.5,43.37,-4.5,-43.9,1.4,-0.32,3,17,2022-11-16,2026-08-07,3.7,limited history: 3.7y (<10y) - lower confidence
CAMS,false,0,-0.161,-1.7,34,29.4,4,11.8,1,2.9,20,58.8,9,26.5,5,4,0,0,0,0,0,-2.65,6.58,-6.49,1.01,16.4,-90,-13.52,-45.6,0.42,-1.12,4,25,2020-10-05,2026-08-07,5.8,limited history: 5.8y (<10y) - lower confidence
CASTROLIND,false,0,0.011,3.37,83,41,28,33.7,3,3.6,40,48.2,12,14.5,3,9,0,0,0,0,0,0.18,8.82,-5.81,1.52,15.9,15.08,-4.34,-58.77,1.05,-0.62,7,56,2015-10-15,2026-08-07,10.8,
CANFINHOME,false,0,0.038,-4.16,108,50.9,30,27.8,2,1.9,45,41.7,31,28.7,23,8,0,0,0,0,0,0.69,8.59,-7.5,1.15,18.2,74.94,-6.07,-74.36,1.19,-0.64,5,63,2015-10-15,2026-08-07,10.8,
BAYERCROP,false,0,-0.015,-7.41,66,45.5,20,30.3,5,7.6,29,43.9,12,18.2,5,7,0,0,0,0,0,-0.24,5.88,-5.33,1.1,16,-15.6,-5.46,-55.48,0.92,-0.79,6,50,2015-10-15,2026-08-07,10.8,
BATAINDIA,false,0,0.111,1.74,110,52.7,35,31.8,12,10.9,46,41.8,17,15.5,12,5,0,0,0,0,0,1.72,7.52,-4.74,1.59,15.5,189.45,-1.61,-56.8,1.77,-0.27,8,63,2015-10-15,2026-08-07,10.8,
BANDHANBNK,false,0,-0.143,-12.81,56,39.3,18,32.1,1,1.8,30,53.6,7,12.5,3,4,0,0,0,0,0,-1.75,6.81,-7.28,0.94,12.2,-97.8,-15.12,-72.59,0.6,-0.99,7,45,2018-03-27,2026-08-07,8.4,limited history: 8.4y (<10y) - lower confidence
AAVAS,false,0,-0.001,-3.7,56,44.6,20,35.7,0,0,25,44.6,11,19.6,5,6,0,0,0,0,0,-0.02,8.61,-6.99,1.23,15.6,-1.24,-3.97,-54.04,0.99,-0.44,4,40,2018-10-08,2026-08-07,7.8,limited history: 7.8y (<10y) - lower confidence
ABLBL,false,0,-0.411,-9.76,5,40,2,40,0,0,3,60,0,0,0,0,0,0,0,0,0,-2.87,5.8,-8.66,0.67,7,-14.37,,-6.7,0.45,-1.52,1,3,2025-06-24,2026-08-07,1.1,limited history: 1.1y (<10y) - lower confidence
APTUS,false,0,-0.105,-6.62,39,38.5,11,28.2,0,0,18,46.2,10,25.6,4,6,0,0,0,0,0,-1.38,6.33,-6.2,1.02,13.1,-53.79,-11.02,-48.8,0.64,-0.82,5,27,2021-08-24,2026-08-07,5,limited history: 5.0y (<10y) - lower confidence
ATUL,false,0,0.043,-3.22,94,53.2,26,27.7,2,2.1,34,36.2,32,34,22,10,0,0,0,0,0,0.83,6.76,-5.9,1.15,19.2,78.33,-3.47,-43.07,1.3,-0.71,6,53,2015-10-15,2026-08-07,10.8,
EIDPARRY,false,0,0.053,-2.46,126,50.8,34,27,5,4,47,37.3,40,31.7,25,15,0,0,0,0,0,1.05,7.73,-5.85,1.32,19.7,131.85,-2.75,-60.05,1.36,-0.42,7,65,2015-10-15,2026-08-07,10.8,
EMCURE,false,0,-0.056,16.78,25,52,4,16,0,0,6,24,15,60,9,6,0,0,0,0,0,-1.16,4.01,-6.77,0.59,20.8,-29.11,-12.48,-32.19,0.64,-0.61,5,12,2024-07-10,2026-08-07,2.1,limited history: 2.1y (<10y) - lower confidence
IDBI,false,0,0.084,15.99,127,54.3,55,43.3,0,0,50,39.4,22,17.3,14,8,0,0,0,0,0,1.09,8.45,-7.67,1.1,13,138.37,-9.71,-69.77,1.31,-0.94,6,82,2015-10-15,2026-08-07,10.8,
INDGN,false,0,-0.244,2.73,7,42.9,2,28.6,0,0,4,57.1,1,14.3,1,0,0,0,0,0,0,-1.43,3.21,-4.9,0.66,5.9,-9.99,-10.2,-18.33,0.49,-0.78,4,6,2024-05-13,2026-08-07,2.2,limited history: 2.2y (<10y) - lower confidence
IKS,false,0,-0.165,2.45,7,42.9,2,28.6,0,0,4,57.1,1,14.3,1,0,0,0,0,0,0,-2.48,4.1,-7.42,0.55,15,-17.37,-10.82,-24.19,0.41,-0.6,3,6,2024-12-19,2026-08-07,1.6,limited history: 1.6y (<10y) - lower confidence
HOMEFIRST,false,0,-0.012,5.65,48,45.8,12,25,3,6.2,21,43.8,12,25,7,5,0,0,0,0,0,-0.18,7.91,-7.02,1.13,14.8,-8.44,-11.46,-53,0.95,-0.89,5,30,2021-02-03,2026-08-07,5.5,limited history: 5.5y (<10y) - lower confidence
IGL,false,0,0.034,-5.69,129,46.5,29,22.5,1,0.8,47,36.4,52,40.3,30,22,0,0,0,0,0,0.67,7.25,-5.05,1.44,19.5,86.53,-4.99,-68,1.25,-0.59,6,65,2015-10-15,2026-08-07,10.8,
IGIL,false,0,-0.207,4.99,11,36.4,3,27.3,0,0,5,45.5,3,27.3,1,2,0,0,0,0,0,-2.64,5.18,-7.11,0.73,12.7,-29.04,-20.45,-31.83,0.42,-0.85,3,9,2024-12-30,2026-08-07,1.6,limited history: 1.6y (<10y) - lower confidence
IRB,false,0,0.145,-7.6,118,55.9,63,53.4,2,1.7,48,40.7,5,4.2,1,4,0,0,0,0,0,1.51,9.56,-8.72,1.1,10.4,177.79,-4.82,-54.69,1.39,-0.72,6,80,2015-10-15,2026-08-07,10.8,
JSWDULUX,false,0,0.057,2.07,88,48.9,24,27.3,5,5.7,31,35.2,28,31.8,16,12,0,0,0,0,0,1.15,7.47,-4.9,1.52,20.2,100.79,-2.63,-40.65,1.46,-0.57,8,44,2015-10-15,2026-08-07,10.8,
JUBLINGREA,false,0,-0.041,1.72,46,43.5,17,37,1,2.2,21,45.7,7,15.2,2,5,0,0,0,0,0,-0.57,7.91,-7.09,1.12,13.9,-26.23,-6.34,-45.59,0.86,-0.57,5,31,2021-03-19,2026-08-07,5.4,limited history: 5.4y (<10y) - lower confidence
NUVOCO,false,0,0.041,6.52,28,46.4,13,46.4,0,0,10,35.7,5,17.9,0,5,0,0,0,0,0,0.49,8.01,-6.03,1.33,12,13.66,-2.45,-22.5,1.15,-0.49,4,21,2021-08-23,2026-08-07,5,limited history: 5.0y (<10y) - lower confidence
NSLNISP,false,0,-0.125,2.05,23,43.5,6,26.1,0,0,12,52.2,5,21.7,4,1,0,0,0,0,0,-1.54,7.97,-8.85,0.9,12.3,-35.36,-10.38,-43.41,0.69,-0.57,3,18,2023-02-20,2026-08-07,3.5,limited history: 3.5y (<10y) - lower confidence
NIVABUPA,false,0,-0.038,0.32,11,63.6,5,45.5,0,0,4,36.4,2,18.2,2,0,0,0,0,0,0,-0.49,4.3,-8.88,0.48,13,-5.38,-2,-10.34,0.85,-0.28,2,10,2024-11-14,2026-08-07,1.7,limited history: 1.7y (<10y) - lower confidence
NCC,false,0,0.053,-12.58,112,45.5,45,40.2,2,1.8,57,50.9,8,7.1,4,4,0,0,0,0,0,0.7,10.33,-7.35,1.41,13.1,78.1,-13.37,-81.11,1.17,-0.96,11,75,2015-10-15,2026-08-07,10.8,
MSUMI,false,0,-0.016,2.34,34,41.2,9,26.5,1,2.9,17,50,7,20.6,4,3,0,0,0,0,0,-0.25,8.12,-6.11,1.33,15.4,-8.54,-14.62,-50.28,0.93,-0.85,9,24,2022-03-28,2026-08-07,4.4,limited history: 4.4y (<10y) - lower confidence
MRPL,false,0,0.103,5.78,120,51.7,55,45.8,5,4.2,52,43.3,8,6.7,2,6,0,0,0,0,0,1.26,10.13,-8.23,1.23,12.2,150.66,-4.31,-69.16,1.32,-0.52,9,76,2015-10-15,2026-08-07,10.8,
NBCC,false,0,0.156,0.3,137,54.7,62,45.3,1,0.7,50,36.5,24,17.5,13,11,0,0,0,0,0,2.4,9.99,-6.79,1.47,15.4,328.46,-3.67,-61.73,1.78,-0.52,6,81,2015-10-15,2026-08-07,10.8,
MGL,false,0,0.007,4.48,90,45.6,17,18.9,9,10,38,42.2,26,28.9,15,11,0,0,0,0,0,0.14,6.36,-5.07,1.25,19,12.22,-1.51,-21.13,1.05,-0.62,3,49,2016-07-01,2026-08-07,10.1,
MAPMYINDIA,false,0,-0.208,-1.7,31,41.9,13,41.9,0,0,17,54.8,1,3.2,0,1,0,0,0,0,0,-2.02,5.97,-7.78,0.77,9.7,-62.47,-17.02,-68.19,0.55,-0.79,7,28,2021-12-21,2026-08-07,4.6,limited history: 4.6y (<10y) - lower confidence
LALPATHLAB,false,0,0.079,19.75,97,53.6,28,28.9,6,6.2,36,37.1,27,27.8,18,9,0,0,0,0,0,1.46,7.92,-5.99,1.32,18.5,141.99,-2.96,-42.99,1.53,-0.61,6,57,2015-12-23,2026-08-07,10.6,
IIFL,false,0,0.14,34.68,113,52.2,44,38.9,0,0,47,41.6,22,19.5,15,7,0,0,0,0,0,1.79,10.84,-8.1,1.34,12.8,202.29,-9.75,-80.3,1.46,-0.79,8,67,2015-10-15,2026-08-07,10.8,
POLYMED,false,0,0.059,-1.22,118,46.6,49,41.5,0,0,44,37.3,25,21.2,6,19,0,0,0,0,0,0.96,8.85,-5.92,1.49,16.2,113.74,-5.95,-57.45,1.3,-0.79,8,69,2015-10-15,2026-08-07,10.8,
PVRINOX,false,0,0.031,11.36,83,50.6,24,28.9,0,0,33,39.8,26,31.3,17,9,0,0,0,0,0,0.54,7.22,-6.3,1.15,17.5,44.93,-1.61,-51.54,1.17,-0.3,4,53,2015-10-15,2026-08-07,10.8,
RAMCOCEM,false,0,0.056,-3.58,97,52.6,27,27.8,2,2.1,32,33,36,37.1,22,14,0,0,0,0,0,1.1,7.67,-6.18,1.24,19.7,106.86,-4.35,-53.03,1.38,-0.66,6,53,2015-10-15,2026-08-07,10.8,
SBFC,false,0,-0.019,-0.97,28,46.4,8,28.6,2,7.1,10,35.7,8,28.6,3,5,0,0,0,0,0,-0.31,5.89,-5.68,1.04,16.6,-8.6,-6.58,-28.9,0.9,-0.56,5,16,2023-08-16,2026-08-07,3,limited history: 3.0y (<10y) - lower confidence
SAILIFE,false,0,0.01,23.38,16,43.8,3,18.8,0,0,5,31.2,8,50,4,4,0,0,0,0,0,0.16,7.32,-5.41,1.35,15.9,2.56,-6.19,-18.84,1.05,-0.39,4,8,2024-12-18,2026-08-07,1.6,limited history: 1.6y (<10y) - lower confidence
SAMMAANCAP,false,0,-0.034,14.46,89,47.2,35,39.3,0,0,44,49.4,10,11.2,8,2,0,0,0,0,0,-0.46,8.62,-8.57,1.01,13.4,-40.67,-11,-85.65,0.9,-0.82,7,66,2015-10-15,2026-08-07,10.8,
SAGILITY,false,0,0.045,-1,10,70,7,70,0,0,3,30,0,0,0,0,0,0,0,0,0,0.45,4.97,-10.1,0.49,10,4.5,-6.18,-27.37,1.15,-0.25,3,8,2024-11-12,2026-08-07,1.7,limited history: 1.7y (<10y) - lower confidence
SUNTV,false,0,0.085,-15.71,107,53.3,33,30.8,3,2.8,39,36.4,32,29.9,21,11,0,0,0,0,0,1.53,8.1,-5.95,1.36,18,164.18,-5.76,-60.21,1.55,-0.76,8,62,2015-10-15,2026-08-07,10.8,
SWANCORP,false,0,0.194,-7.08,115,49.6,52,45.2,1,0.9,50,43.5,12,10.4,4,8,0,0,0,0,0,2.68,13.05,-7.51,1.74,13.8,308.14,-7.03,-75.01,1.71,-0.71,6,71,2015-10-15,2026-08-07,10.8,
SYNGENE,false,0,0.012,-18.02,86,47.7,19,22.1,2,2.3,31,36,34,39.5,20,14,0,0,0,0,0,0.25,7.49,-6.36,1.18,20.5,21.28,-1.96,-56.82,1.07,-0.32,9,45,2015-10-15,2026-08-07,10.8,
UTIAMC,false,0,0.05,-6.4,49,57.1,18,36.7,2,4.1,19,38.8,10,20.4,8,2,0,0,0,0,0,0.8,6.5,-6.8,0.96,15.8,39.17,-8.12,-39.14,1.27,-0.89,5,34,2020-10-13,2026-08-07,5.8,limited history: 5.8y (<10y) - lower confidence
TRIDENT,false,0,0.089,-0.06,99,50.5,43,43.4,0,0,42,42.4,14,14.1,7,7,0,0,0,0,0,1.14,9.6,-7.49,1.28,12.8,112.9,-8.56,-64.41,1.31,-0.93,5,68,2015-10-15,2026-08-07,10.8,
UCOBANK,false,0,0.256,1.03,102,58.8,47,46.1,0,0,40,39.2,15,14.7,12,3,0,0,0,0,0,3.26,10.89,-7.65,1.42,12.7,332.02,-5.35,-66.18,2.03,-0.66,8,62,2015-10-15,2026-08-07,10.8,
WOCKPHARMA,false,0,0.108,26.11,112,46.4,47,42,0,0,55,49.1,10,8.9,6,4,0,0,0,0,0,1.19,11.63,-7.86,1.48,11.1,133.44,-11.06,-74.76,1.28,-0.95,7,79,2015-10-15,2026-08-07,10.8,
WHIRLPOOL,false,0,0.074,-8.23,89,53.9,30,33.7,5,5.6,36,40.4,18,20.2,13,5,0,0,0,0,0,1.2,7.64,-6.33,1.21,16.3,107.18,-4.5,-59.07,1.41,-0.62,6,57,2015-10-15,2026-08-07,10.8,
ZENTEC,false,0,0.185,5.87,102,49,45,44.1,3,2.9,49,48,5,4.9,2,3,0,0,0,0,0,2.27,13.54,-8.58,1.58,12.2,231.08,-8.27,-69.08,1.52,-0.85,9,66,2015-10-15,2026-08-07,10.8,
ZFCVINDIA,false,0,-0.009,5.61,75,45.3,16,21.3,3,4,28,37.3,28,37.3,15,13,0,0,0,0,0,-0.18,6.3,-5.54,1.14,19.3,-13.16,-4.73,-48.99,0.94,-0.8,9,45,2015-10-15,2026-08-07,10.8,
